Date,Equal Weight,Minimum Variance,Maximum Sharpe,S&P 500 Benchmark
2018-01-05,0.005997678683845798,0.004222093033604981,0.009782400271454586,0.007033767443369587
2018-01-08,0.006167025444739761,0.0013292077668694995,0.011970595990523787,0.0016623439316436617
2018-01-09,0.0021239840370625095,0.005053103011943542,0.005907559441539561,0.0013029315960912946
2018-01-10,-0.0014978932942241285,-0.003854449185374931,-0.0002953186915065724,-0.0011122268282528491
2018-01-11,0.006225365280697814,0.0035185878417153312,0.009084345595118538,0.007033646478779465
2018-01-12,0.006450940061528233,0.0033025439447833976,0.004109376718146127,0.006749602987881076
2018-01-16,-0.002552405810482417,0.005266043877554319,-0.003070247150525307,-0.003524487622672101
2018-01-17,0.010698502665242016,0.0072366512274483165,0.011565716170422168,0.009415051560751175
2018-01-18,-0.0013155685866126255,-0.0015249220376025475,-0.002442332150867794,-0.0016163897301626484
2018-01-19,0.006228802266841926,0.006135605806619077,0.014584831548161845,0.004385235112838837
2018-01-22,0.008689225271945744,0.006815145038267517,0.011363510923942388,0.008066726499347698
2018-01-23,-0.00531690178455414,-0.01777401203475379,-0.004374781910698527,0.0021743654797181655
2018-01-24,-0.001302820487930589,0.0014320450517228307,-0.0022002227821908997,-0.0005599757022828333
2018-01-25,0.000743305126713867,0.0038493611222900374,0.004405754762762496,0.0006026209018938911
2018-01-26,0.007247192945303638,0.006002588005002941,0.011765009084016504,0.011841196508761032
2018-01-29,-0.009621281635272651,-0.013402852044121673,-0.005237439306008426,-0.006731974332887192
2018-01-30,-0.008020834254742414,-0.006578837775817949,-0.011106933450795475,-0.010898815620283941
2018-01-31,0.0007298258817267971,-0.00899366579025836,-0.0054143533945962795,0.0004889853730833948
2018-02-01,-3.867351363518999e-05,0.0024570679009693003,-0.005015886183700057,-0.0006480882520516484
2018-02-02,-0.02813209261535383,-0.02109143711244898,-0.026043533256214054,-0.02120854792396809
2018-02-05,-0.04827762213499335,-0.04528778485714471,-0.061706900260596526,-0.04097922480422822
2018-02-06,0.024947603957013578,0.010651488908062544,0.03767494345475691,0.017440920592313836
2018-02-07,-0.006123630596437902,-0.004786460996176442,0.0021107264595742257,-0.005001588416939429
2018-02-08,-0.03814747630014277,-0.033064672510977666,-0.048156386319389476,-0.03753641975808808
2018-02-09,0.020295667623206927,0.00965576062544496,0.034611253017141526,0.014936090208494734
2018-02-12,0.01206439901127999,0.013156458827721,-0.0009963234253427475,0.013914584754042503
2018-02-13,0.005654679786845407,0.0015044966363519643,0.006451040371531153,0.0026129297463290957
2018-02-14,0.01146175506418633,-0.001355259969288682,0.01616065333396712,0.013402458257245842
2018-02-15,0.014007687813564694,0.013805952958095427,0.012076020563021587,0.012069112762299383
2018-02-16,-0.0016493400628192383,0.006640447773918534,0.00012094914259573795,0.0003734693722488025
2018-02-20,-0.004455675474417819,-0.015451857571848245,0.001245963974189412,-0.005841389459353419
2018-02-21,-0.011267093064048439,-0.012085843732861925,-0.017183707173707794,-0.0054965031281792864
2018-02-22,0.007356482444547252,0.005591076766356319,0.007865978326600142,0.0009735510790762625
2018-02-23,0.016934450132045222,0.012719146284140687,0.016758551891127575,0.01602837635051313
2018-02-26,0.008839475481340554,0.0051294436921366085,0.003979016320235361,0.011757015343810906
2018-02-27,-0.010600795405502916,-0.009592794313942082,-0.009087631437500594,-0.012706888443829278
2018-02-28,-0.016474485237322912,-0.015285067581700954,-0.01815468892757647,-0.011095788639207016
2018-03-01,-0.014858593261093735,-0.006994646248346559,-0.025385811507110615,-0.013324399541987275
2018-03-02,0.0028145997774409073,0.00674140723429933,0.003458866706743559,0.005071602744632031
2018-03-05,0.010304098986798727,0.008544764094394156,0.010595523128640118,0.011032026532745043
2018-03-06,0.002535387820786794,-0.0036658828052797622,0.0072423133000959665,0.002638858606169414
2018-03-07,-0.006641977415159174,-0.004218408337401048,-0.003971691814098365,-0.00048387472056610203
2018-03-08,0.007061549977356263,0.013230907015485668,0.00576030749374426,0.004463078207817217
2018-03-09,0.017098765807896935,0.011139189670296167,0.020000402298597054,0.01737883151892694
2018-03-12,-0.0021708863028892305,-0.006582358783666475,-0.0037904393882599733,-0.001273985129042532
2018-03-13,-0.00643413355497926,0.0019070216831006273,-0.0025700429748635647,-0.006363576551088879
2018-03-14,-0.0079884855358209,-0.010539899725083597,-0.005267859772840359,-0.005724521948562322
2018-03-15,0.0036699632026242833,0.0013880496453467991,0.004979761745613419,-0.000781930531963182
2018-03-16,0.0037536434761930586,0.001837317081606061,0.005642740421153109,0.001703447167811456
2018-03-19,-0.016419862459246416,-0.012494746564352713,-0.024676922660270335,-0.014204195388793028
2018-03-20,0.005587104776677088,0.001355176974442355,0.01595616927799059,0.0014818054520648882
2018-03-21,-0.0028226037329532,-0.004124089276941826,-0.00015415083516632288,-0.0018439898833508828
2018-03-22,-0.02477420824503869,-0.016097654256061952,-0.027995444600709733,-0.025162888405856454
2018-03-23,-0.019615652704343622,-0.013188574779256413,-0.02437147358221843,-0.02096688071186603
2018-03-26,0.03126647301737471,0.015114840099601273,0.03291544749274922,0.02715725576151251
2018-03-27,-0.01756594663131672,0.002080172033409485,-0.02912941212192634,-0.017276308813847896
2018-03-28,-0.0030662836505325865,0.004909353945096905,-0.00652608843644191,-0.00291665716625622
2018-03-29,0.01668838088228757,0.007515629405054388,0.023616573291474784,0.013769718690019195
2018-04-02,-0.024297301483966506,-0.022883918099713248,-0.03321644873165105,-0.022337423560165104
2018-04-03,0.01553281465575449,0.018869395795265052,0.01629993098192567,0.012614865848792123
2018-04-04,0.013086168379953966,0.014840099993869942,0.012190968158867322,0.01156648273982852
2018-04-05,0.004708294700088446,0.003451305129679007,-0.0011027750769018907,0.0068628636575538415
2018-04-06,-0.021742441942967566,-0.014362254518624077,-0.02738346538836951,-0.021920248779842444
2018-04-09,0.0028115350090111677,0.0002689947938441947,0.004465626170294253,0.0033365488963206236
2018-04-10,0.02015692037941601,0.006776275937680859,0.030247724627881722,0.0167269537832615
2018-04-11,-0.005355756532252264,-0.0017903003725035114,-0.008462531181016407,-0.005525364482924067
2018-04-12,0.011434539932071386,0.001036135127154594,0.021704232389698618,0.008250750063987677
2018-04-13,-0.0017036837527703572,0.005664184129803015,-0.007916309917796032,-0.0028866254882486952
2018-04-16,0.00638380241072819,0.005977307098827624,0.006383031046963163,0.008109038386684864
2018-04-17,0.0060771811507505545,-0.00072295392480839,0.012249714310159294,0.010661504701720004
2018-04-18,0.0012651251677211818,-0.004303304936881041,0.00087157569663485,0.0008313658006817715
2018-04-19,-0.009381428203520139,-0.011913415456626691,-0.010041765495418922,-0.005726124690152989
2018-04-20,-0.010784795237116418,-0.011087115850771524,-0.005570361898117464,-0.00853653230061302
2018-04-23,-0.0013470759708656076,0.0002782622785071682,-0.004793747636183592,5.623169212687351e-05
2018-04-24,-0.017178080197297517,-0.012031160659473772,-0.018483209058309122,-0.01338056164164636
2018-04-25,-0.0015488364427204027,-0.002098343876716006,-0.006439963301534525,0.001837059563023713
2018-04-26,0.016052212100948805,0.01276028212729161,0.024364596892538,0.010434204774367295
2018-04-27,-0.002534282483322991,0.0019941864438572966,0.0039160658970750625,0.0011136248915897262
2018-04-30,-0.005242333972127244,-0.005960917444864282,-0.011061952561777517,-0.008187490964434607
2018-05-01,0.0014832335988459345,-0.006409344994621875,0.005893572568153217,0.0025490454770622506
2018-05-02,-0.00285010415267748,-0.009644555680996062,-0.007855110678734805,-0.007205863568357729
2018-05-03,0.0010517988950380142,-0.0025704813354925546,0.007266512233359376,-0.0022536742393085563
2018-05-04,0.015637380310339833,0.01216295563646166,0.016185832498309752,0.012811178963797909
2018-05-07,0.007759526631527571,-0.003856986841276944,0.016696966131556364,0.0034579455015175675
2018-05-08,0.0012310822517475398,-0.004614722381110094,0.002489771668946359,-0.0002656413228280252
2018-05-09,0.013033647419288483,0.007407282038954621,0.015273460381444054,0.009682220255068819
2018-05-10,0.011992582822162225,0.011561250362834414,0.011787596334388953,0.009370643723504823
2018-05-11,0.001320607282540587,0.0061871585393087096,-0.002519883393670958,0.0017075955546570487
2018-05-14,0.0005308344320458792,-0.0023721303675908073,0.0012419480540998152,0.0008834895573073265
2018-05-15,-0.011587528633753575,-0.0074707179264223,-0.018914021850637334,-0.006842140279927467
2018-05-16,0.002435199744935868,0.0006913185421231505,0.0016400394232311045,0.004060561678767671
2018-05-17,-0.0008873724327488896,0.0029198625001649,-0.0028999032656758903,-0.0008558723207806596
2018-05-18,-0.0014358288768910102,-0.0009090817421948712,2.6940880976039247e-05,-0.00263219493841671
2018-05-21,0.0077106663937436815,0.005263807846516957,0.005076340387264328,0.007386752997235124
2018-05-22,-0.005317051164079068,-0.00531973792756678,-0.006162874842037851,-0.0031357617896576873
2018-05-23,0.005928633927682447,0.003216026531041747,0.01006150910038151,0.0032484098921563564
2018-05-24,-0.005295830971858717,-0.005485069555426984,-0.0028270138369883946,-0.002023213496498033
2018-05-25,-0.0018480195288911316,0.0009978304336502567,4.2904115056139076e-05,-0.0023572204364039617
2018-05-29,-0.009450738470783693,-0.004568901879037925,-0.011166090387682,-0.011564187290653005
2018-05-30,0.015125755764598736,0.013578925657842555,0.014980816252153369,0.012695791223314323
2018-05-31,-0.008605499567697617,-0.009835900798485777,-0.007146065283256179,-0.006879559974886984
2018-06-01,0.011476055060094371,0.00674606305243694,0.015850646915198472,0.010849230370481022
2018-06-04,0.007407460933169574,0.008220716133308095,0.012843233712249132,0.004479598435997323
2018-06-05,-0.00045936042508366577,-0.0038003510394058722,0.0010359060449824011,0.0007025929724704394
2018-06-06,0.0102687037445093,0.008695085173352598,0.008387264481455168,0.008567392465728796
2018-06-07,0.0021926127223026227,0.007427461058342245,-0.0036424108974852164,-0.0007141884679080501
2018-06-08,0.004867325018137625,0.010777470375443049,0.0025539532098395592,0.0031259043893263616
2018-06-11,-0.001273020267068936,-0.00010525320998005837,-0.003476571485085078,0.001068707668436586
2018-06-12,0.0019231433546987866,0.001459612954568416,0.004012661813119453,0.0017433852107295866
2018-06-13,-0.006351186842934476,-0.00547380839542068,-0.004046727075273799,-0.004026127868587581
2018-06-14,-0.0015825952884260806,-0.003464124853165503,0.0027884428223219544,0.002471549778432225
2018-06-15,-0.0029096355182525744,0.0073116285292937665,-0.0065619475021730335,-0.001017102715529128
2018-06-18,-0.004082856507597144,-0.010944441128139559,-0.0008310368838244943,-0.0021261277624751163
2018-06-19,-0.006767425193853072,0.002477274838675218,-0.009984092511391788,-0.004023402292699374
2018-06-20,-8.396353642210482e-05,-0.004987670813792722,0.003837479620096934,0.0017121542893689945
2018-06-21,-0.0062252749558060275,-0.0008949097384335793,-0.01063290457911987,-0.006345510515579966
2018-06-22,-0.001267951950602275,0.006603112530966988,-0.010079673603447381,0.0018619345065358228
2018-06-25,-0.013034336207708106,0.00018232581762174223,-0.023333004888014847,-0.013724668973416176
2018-06-26,0.003066428775340569,-0.00044325583453213034,0.0039900065853331525,0.0022045770199778936
2018-06-27,-0.0074806867471267635,-0.004182387651766746,-0.01522573727969049,-0.008604355128821406
2018-06-28,0.00884608074712323,0.00532477152431961,0.012498625207537358,0.00617868985946779
2018-06-29,-0.0015952682739183047,0.0018801944955219702,-0.0068243885011122305,0.0007584033300001014
2018-07-02,0.004404280353830404,-0.0010413374473122415,0.010944892773744865,0.003067957412152822
2018-07-03,-0.006570127606595111,0.0025612413703083345,-0.011334358281674325,-0.00494735062681062
2018-07-05,0.011702131091320544,0.01377156600067975,0.013249970422435304,0.008620803683929923
2018-07-06,0.00545963762500995,0.0023834322978740254,0.009388320281726247,0.008481281595267509
2018-07-09,0.009435054203436521,-0.0028948821932159893,0.0075700063897253846,0.008822985887663393
2018-07-10,0.007886118951395129,0.013421227845546557,0.00943952493618104,0.003473267180873929
2018-07-11,-0.01082303273247397,-0.007096156084685048,-0.010108112237988319,-0.007094202866256172
2018-07-12,0.008939815146194163,0.0029368110101715183,0.012463822942491458,0.008749042674663476
2018-07-13,0.0014625491451844444,-0.0008268886181326707,0.0006249021247038205,0.0010792374947172778
2018-07-16,-0.0007095673617372841,-0.002481993060685374,-0.003673263241121471,-0.001028135726814483
2018-07-17,0.010277891408765394,0.014841196932378212,0.016223574399134823,0.00397369863071062
2018-07-18,-0.0014855879511907256,-0.004614593494676834,-0.004887504867336855,0.0021605126279586884
2018-07-19,-0.0030984889263892643,-0.0031282445393929588,-0.00018763180031965235,-0.003952993120479142
2018-07-20,-8.10765775979714e-05,0.00011288889840772864,0.001968042822385119,-0.0009484477101494582
2018-07-23,0.002130367879786133,-0.0012396459730947334,0.0015711283540935522,0.0018380494891383492
2018-07-24,0.007419661213278904,0.010160636457274152,0.0008468005469567713,0.004780911145920941
2018-07-25,0.009957593968907632,0.005797103734176365,0.010016633851033768,0.009101605057599604
2018-07-26,0.003360426069199396,0.0052069026527996045,0.0004866952629722041,-0.0030322960242857855
2018-07-27,-0.005891676120222101,-0.0004806206564590827,-0.009880759963830572,-0.00656220869212365
2018-07-30,-0.007309840717403715,-0.00010957348254542479,-0.014203857593526372,-0.005754170294581917
2018-07-31,0.004364406111597441,0.005175158485833831,0.004392785433453685,0.004884728797982518
2018-08-01,0.000996576998001197,-0.0005063277990820932,-0.0007990630980665897,-0.0010403515262938923
2018-08-02,0.005111883444421462,0.0005239784656697031,0.005515263521815253,0.004926444803381669
2018-08-03,0.004729572817698324,0.005411874349827862,0.003822018048450972,0.004644183009877123
2018-08-06,0.0024428376556029584,0.0011151569267917277,0.0028644754935382446,0.003538227451535869
2018-08-07,0.004805985910932642,-0.00045368210109162483,0.007208234431142986,0.0028241822564987196
2018-08-08,-0.0019674758823775454,-0.0033645145524577565,0.0032736551103011986,-0.0002623799656497061
2018-08-09,-0.002606938125872516,-0.001062045510201895,-0.001834808040230122,-0.0014416744645237012
2018-08-10,-0.0063086352258850285,-0.0038033868939450167,-0.00723724310911291,-0.007113887913551609
2018-08-13,-0.004829778792236373,-0.004055279721769766,-0.0042314799233316444,-0.004005992185342366
2018-08-14,0.0028018515853111547,-0.0021486784224436844,0.006979761940269176,0.006389254777276809
2018-08-15,-0.0039380942429604665,0.00522032810088614,-0.004195106751223553,-0.007602164835758152
2018-08-16,0.01062996790154731,0.010966489397884017,0.0028130428201534694,0.007919408484583057
2018-08-17,0.0020441702166815296,0.007478115869880488,-0.012074066669679546,0.0033231157222237684
2018-08-20,0.0029136782249665765,0.006466676608845117,0.007451861901783591,0.0024280177746833775
2018-08-21,0.0020351957361683937,-0.00399203196931425,0.0069607229796320195,0.0020685364303643095
2018-08-22,0.003235436260691571,-0.004384101748116499,0.01076397995319336,-0.0003981517707819515
2018-08-23,-0.000853280424179792,-0.0008744843640217814,0.006867241693212034,-0.0016912621251551352
2018-08-24,0.005967716923017597,0.002656379727884082,0.010329793589860777,0.006198839704363079
2018-08-27,0.009272250378979673,0.0018370831567970723,0.00842944497443066,0.007670409427647185
2018-08-28,-0.0009090610490349871,-0.002757599600733312,-0.0010826491496525015,0.00026927832649970007
2018-08-29,0.00563346825495853,0.0024253959608097966,0.009657378355924503,0.005701434129840033
2018-08-30,-0.004353659902163709,-0.00380876979749519,-0.005476715164264376,-0.004430329054144866
2018-08-31,0.0005933147579410212,-0.0029734702190358574,0.005475911266794475,0.00013447750859452157
2018-09-04,0.0026039590950302617,0.0017159614422605153,0.007856864350459467,-0.0016543221469484948
2018-09-05,0.00039577952435448926,0.009585096776188406,-0.010755019320246096,-0.002803126684318036
2018-09-06,-0.002628676373347838,0.0021455655867347297,-0.0017245168130362277,-0.0036523050860121087
2018-09-07,-0.0004011945301073405,-0.0006258352413940586,-0.001369261844865443,-0.002213344827027508
2018-09-10,0.004031092137547043,0.005111925814685301,0.01257903002927244,0.0018978268127400888
2018-09-11,0.007464156786561392,0.0050844242919273665,0.007038301200244208,0.003739841510076891
2018-09-12,-0.00021673328536437887,0.0043847427619308505,-0.005423551594325021,0.00035667194221011833
2018-09-13,0.004500827224707327,0.0008881982095769502,0.0029551327414684145,0.005282254329749936
2018-09-14,0.0014931156552416393,0.0004318395469424786,0.005790630391591313,0.00027548183892078804
2018-09-17,-0.001351090290206536,0.003261154437945583,-0.005159726096948491,-0.005569722252617426
2018-09-18,0.003206915859322301,-0.00040026490552837245,0.003289453275498169,0.005369014643958003
2018-09-19,0.005976903134990131,0.001233648037464152,-0.0002479144053952572,0.0012532727238796504
2018-09-20,0.007430663384647407,0.010818706736352811,-0.0009627275611173428,0.007840591898404803
2018-09-21,0.00014063718178402014,0.0028040121717336553,0.0006553597535330417,-0.00036853301202766087
2018-09-24,-0.004810343656706117,-0.012028160907399336,-0.005414636667198839,-0.0035156877607932513
2018-09-25,-0.0026464080540904325,-0.008759830830619241,0.0002644321745829923,-0.0013050961134796202
2018-09-26,-0.004145530650439167,-0.00026955477559422554,-0.002812142611548447,-0.003289278113945082
2018-09-27,0.0012931848306570461,0.0007642637239948847,0.000486422767405919,0.0027632870875580196
2018-09-28,0.0040328521944585135,0.0018701440834459463,0.015827580448327022,-6.870120538793323e-06
2018-10-01,0.0080342501199139,0.0053067688559827846,0.012997216381139796,0.003641105118425747
2018-10-02,0.0029583083656278043,0.004301150263181901,-0.006649934712243256,-0.0003966902079042267
2018-10-03,-0.00038016829627292016,-0.010296551023150273,-0.0021340021462272,0.0007115197468861023
2018-10-04,-0.01065894324464478,-0.006746848749739044,-0.01976465672482618,-0.008169482334351885
2018-10-05,-0.009698693101836098,-0.002773736183993882,-0.017311844000487672,-0.005527978766503461
2018-10-08,0.0015277770556079819,0.006988338563415877,-0.00477289215414093,-0.00039511662920677093
2018-10-09,-0.002131678701323669,-0.0015546972283624007,-0.0036001872401619423,-0.0014179036575431292
2018-10-10,-0.030904362451667448,-0.016027404165614288,-0.04289558828053209,-0.0328642290012785
2018-10-11,-0.02408197823507704,-0.025378111565265524,-0.02556797494513577,-0.02057300761734404
2018-10-12,0.013091448406952444,0.004953353897135862,0.02430552397963284,0.014206197825152422
2018-10-15,-0.008659201948510964,0.0010254532196803136,-0.018214887661252312,-0.005904978964482943
2018-10-16,0.019363182109940483,0.013822421217528363,0.02711387084306257,0.02149560016316343
2018-10-17,-0.0023440946029353094,0.0033634534989270075,-0.005999466254464664,-0.00025266233815879335
2018-10-18,-0.015044062425393167,-0.008626086172259304,-0.017668370099728735,-0.014391922356395415
2018-10-19,0.004370395351611146,0.022324549149654326,-0.017527693165396235,-0.00036116989772350117
2018-10-22,-0.004482599600397841,-0.005872968188231792,-0.00032658564244484803,-0.004299527548581317
2018-10-23,-0.013512381153688125,0.0030326563732496915,-0.027290770288522684,-0.005511829997012829
2018-10-24,-0.027282025820359736,-0.0011876483053288736,-0.05182205599061711,-0.030864433977743855
2018-10-25,0.01852816993786649,0.0032604431283921047,0.030019932382352243,0.018625040052811848
2018-10-26,-0.017747770333657854,-0.015510305789063475,-0.023466102896881166,-0.017327264039978307
2018-10-29,-0.008745641997531162,0.004015646119408303,-0.02445160390634299,-0.0065595995737004476
2018-10-30,0.024486557373116842,0.01905581031324914,0.040575597963378805,0.015666780052058682
2018-10-31,0.015244906505761957,0.002722366928409042,0.021519767810621194,0.010851331974038647
2018-11-01,0.012077321868263758,0.00785913345587955,0.01878074057913174,0.010557843693063784
2018-11-02,-0.005561614491845667,-0.002292356977077449,-0.00713104638575839,-0.0063166863793988615
2018-11-05,0.0030586225246219015,0.008419823114453833,0.00018507283978362165,0.005600317169601965
2018-11-06,0.00551145604508958,0.004975024770470972,0.004427595348980708,0.006259295774170726
2018-11-07,0.020393733733598353,0.011443430503596183,0.025175080240093895,0.021208856064105275
2018-11-08,-0.006926605568303135,-0.0005312967040941209,-0.014887295436409678,-0.0025089163835961825
2018-11-09,-0.007621371590204529,0.0013984144341861262,-0.011187919252512148,-0.00919901370610332
2018-11-12,-0.02287613376395369,-0.007807990365663926,-0.035509229310668584,-0.01970148934024063
2018-11-13,0.003209450587469565,-0.002828083063129427,0.014539892080988064,-0.0014819196931705747
2018-11-14,-0.008807083636128577,-0.003851067520537702,-0.00828982400385125,-0.007567410690302756
2018-11-15,0.013430263632331295,0.002574145250023599,0.01751753897458669,0.010593753366266334
2018-11-16,-0.013684127929395972,0.006092068809133538,-0.051338511378163025,0.0022233054237545957
2018-11-19,-0.021953791408454562,-0.0019221680627136408,-0.047472001527795606,-0.01664310858849427
2018-11-20,-0.019459474975338044,-0.020949770564328722,-0.007276512168083012,-0.01815124083246611
2018-11-21,-0.005302786785183478,-0.01046299691142975,-0.011643469258426015,0.0030432907461763747
2018-11-23,-0.006577600960555764,-0.0026749657158099565,-0.003023484405791822,-0.006554842390161242
2018-11-26,0.017385124140298427,0.00408051368624252,0.026178710021067,0.0155323683669224
2018-11-27,0.00638991976274721,0.009647114591989867,0.006731829490622165,0.003261692144003847
2018-11-28,0.02585780442577212,0.01564699057754395,0.03654278253848751,0.022973979644221654
2018-11-29,-0.005922490531925839,-0.004457960244842618,-0.009008969588270615,-0.0021831080910337253
2018-11-30,0.017805561560355156,0.017165413494530393,0.023510066011316597,0.008170747552017188
2018-12-03,0.011796357467414021,-0.0016029835000556678,0.01959786456136407,0.010941426132194287
2018-12-04,-0.03268478463514688,-0.011643198064687454,-0.04552088902135783,-0.03236490314939877
2018-12-06,-0.0035447440824726392,-0.0028615973688009694,0.001325048006368207,-0.0015222281477752508
2018-12-07,-0.02472644806311534,-0.010966873953007009,-0.036934973565377525,-0.023320118765389863
2018-12-10,0.0029452165605624693,-2.5829466111424037e-06,0.011622153978275544,0.0017621539947350051
2018-12-11,-0.0002628218842052221,0.005219016241525626,-0.004243227761595731,-0.00035634616892232795
2018-12-12,0.00377706040288649,2.1532069101816168e-05,0.007266338904932453,0.005419503676349802
2018-12-13,0.006643089504770561,0.009464067324045677,0.002838821810875675,-0.00019993032368359476
2018-12-14,-0.020965653328891994,-0.02494793427197129,-0.034264505693837564,-0.019086709555430348
2018-12-17,-0.022441226662790945,-0.025461493315056188,-0.022821010751732696,-0.020773480559224233
2018-12-18,0.00319944160135044,0.0010474912950076492,0.012467535538858243,8.640058610476231e-05
2018-12-19,-0.018921042459769898,-0.014331230490191771,-0.028580542706242208,-0.01539571453679811
2018-12-20,-0.014740004724553259,-0.01050339436065171,-0.013661802274313328,-0.01577210632742365
2018-12-21,-0.01786854549407051,-0.007062806889930976,-0.02369489405041539,-0.020588228309714296
2018-12-24,-0.030178337118921816,-0.03355341906201254,-0.028559992796819464,-0.027112254452099527
2018-12-26,0.049031986457214495,0.037233492622171425,0.05292678379861792,0.04959374278953943
2018-12-27,0.006774889436622811,0.010600141083936709,0.0011811593234188292,0.008562680784222065
2018-12-28,-0.002784710048992734,-0.005218123757361316,0.0028615212788448375,-0.0012415825080966947
2018-12-31,0.0075052178446947905,0.007274948356587792,0.008038910266192254,0.00849248413140935
2019-01-02,0.002849144300705875,-0.003015749673113512,0.0026056027859848166,0.0012684969251244294
2019-01-03,-0.03160344954898109,-0.018578017719445457,-0.04176650368072834,-0.02475673039503723
2019-01-04,0.03684940578750069,0.02435741999279935,0.0444421588810428,0.03433571464262353
2019-01-07,0.0054759764411019375,-0.00335697643554901,0.010799026833245297,0.007010434848680358
2019-01-08,0.0061820024725730335,0.010379816626837365,0.0007052157920988773,0.009695285023358924
2019-01-09,0.0025305882471253873,-0.00821671353471896,0.0023838046728053494,0.004098045450532162
2019-01-10,0.004627585260180623,0.003971748198407369,0.007990715883777555,0.004518418782931244
2019-01-11,0.0005997991189061855,0.0021115430867176023,0.004453119289200239,-0.00014629784190933748
2019-01-14,-0.0030174567818751384,-0.0052408653882219935,-0.000419548861620251,-0.005257525167898014
2019-01-15,0.005882553377460652,0.006180868070046071,0.0059623181604645074,0.010721688622945758
2019-01-16,-0.0003657806888976104,-0.006108310431590813,-0.0017479650467399418,0.0022219854881162515
2019-01-17,0.0063904917964489275,0.0023679283131715296,0.010449839407989946,0.0075914003822110665
2019-01-18,0.016509640108972115,0.01273050372327568,0.019014666421791174,0.01318305304897005
2019-01-22,-0.01926811910544569,-0.0090827962827409,-0.02567302834073223,-0.014157306164566674
2019-01-23,0.006231260228631409,0.012508370705909058,0.01151842565606232,0.0022029127742235755
2019-01-24,0.002426457320100406,-0.007170898255737486,0.010672143948492264,0.0013757255543636049
2019-01-25,0.011168552056536907,0.0022479842373915775,0.009933966331507614,0.008488694060713842
2019-01-28,-0.026252643019113377,-0.00164773434507579,-0.04792725232048759,-0.007846827493937836
2019-01-29,-0.00385265756152704,0.0034015362049845716,-0.009139160668736995,-0.0014562465775435074
2019-01-30,0.023134475940864575,0.012733844213304053,0.023175521144752072,0.01554926091974429
2019-01-31,0.01082040617121357,0.010116875226440121,0.016300342766808053,0.008597395948725328
2019-02-01,0.0049500830927581285,0.012053860369275868,0.00045096954174717166,0.0008986100931438479
2019-02-04,0.009517101435262677,0.003737498563916338,0.011732624935358468,0.006776236617404008
2019-02-05,0.004467312931866007,0.000522878381049328,0.002734423106703744,0.00470842037697472
2019-02-06,-0.0009453163016704069,-0.00023815206163301002,0.002430866434813171,-0.0022244379802809355
2019-02-07,-0.0112255011559542,-0.004741032444319742,-0.015705206039717867,-0.009357140143940179
2019-02-08,0.001301755394371618,0.002147710848593609,0.0017748784640313354,0.0006762010869560964
2019-02-11,-0.0025728700097527924,0.00010913137722765884,-0.002611141620877656,0.0007091030986317026
2019-02-12,0.01616915183202248,0.010061739519392984,0.020497483718486777,0.0128902247439735
2019-02-13,0.004585420819128894,0.0040714866268316986,0.003882024631065875,0.003023994668760688
2019-02-14,-0.009153547674304907,-0.027643035958511225,-0.0016319289549851785,-0.002651641555101225
2019-02-15,0.013761276847157167,0.006701413520852412,0.01594786990676052,0.01087875260858695
2019-02-19,-7.697825744628073e-05,0.0002490427394564142,0.0004066816933522937,0.0014987433214488366
2019-02-20,0.005661383796480313,0.0019412811263319046,0.007137028980754893,0.0017771107537685182
2019-02-21,-0.0008483850730089947,0.0034550185283807305,-0.0024939967373480755,-0.003526436790880272
2019-02-22,0.005294025197487984,0.0001969251766092163,0.008175914144357225,0.006411102394986878
2019-02-25,0.0017778764528926126,-0.003265897423103771,0.003471078695350614,0.0012318625699112573
2019-02-26,-0.0044852041118987,-0.0022778687000236907,-0.0057385025991753625,-0.0007904570968998437
2019-02-27,-0.0018665511991448726,-0.0017575435174564914,-0.0030926301444768683,-0.0005440493877303387
2019-02-28,-0.002772181921039241,0.002249166078396833,-0.005080808573566552,-0.0028255083152146643
2019-03-01,0.005550647659333463,0.004213257185194663,0.005468913316545584,0.00689532059343434
2019-03-04,0.0016629135834593247,0.002670914076959993,0.0019489525505957006,-0.003880558492514008
2019-03-05,-0.0015216458542171352,0.00031465306930129953,-0.001867449522419365,-0.001131532823106185
2019-03-06,-0.006595557739557956,-0.0024349131186693026,-0.009744319585534685,-0.006524098653592381
2019-03-07,-0.0077492150317469135,-0.0036843386113954964,-0.010851380069792355,-0.00812571755868352
2019-03-08,-0.003161883762229911,-0.00568434788825088,4.010225222170784e-05,-0.0021316888487414865
2019-03-11,0.02135621065365796,0.016121658024002207,0.02611985490768022,0.014666041867757107
2019-03-12,0.003678494172637692,0.0024626364248793195,0.0033327331161714453,0.0029533182046204143
2019-03-13,0.007806623680456428,0.0043186236020994655,0.013975655352322341,0.006949583813841809
2019-03-14,-0.0007679060607660549,-0.0014238369960816101,-0.0036647448615187888,-0.0008680223820187738
2019-03-15,0.0053123309232337105,0.00023854062309292936,0.009612678506803462,0.00498490290027398
2019-03-18,0.0044609102836425715,0.0010698920714572978,0.0011186806275397577,0.0037059469012648005
2019-03-19,0.0047185735278825304,0.002980123846172897,0.010892560427053099,-0.0001305615560248663
2019-03-20,-0.0024136609637827717,-0.0010526472933986976,-0.007337434717919973,-0.0029443536044478913
2019-03-21,0.014622012078825386,0.006082047631071581,0.017393279976143306,0.010852481049954399
2019-03-22,-0.017424567768883882,-0.005475288146220082,-0.02333872026556381,-0.018974501239482744
2019-03-25,-0.0022845028538946432,-0.00041847806968912726,-0.002837445180764501,-0.000839020658475631
2019-03-26,0.007229895953482191,0.01007824680654896,0.01030986167097689,0.007182725862306283
2019-03-27,-0.002002811639166857,-0.0009771033789928096,-0.0031918025742013667,-0.0046443248906916645
2019-03-28,0.0043442207052307395,0.0030134492940021096,0.005478580525038274,0.003589481529391092
2019-03-29,0.008468503655166115,0.005595103289113918,0.010484035787820842,0.0067342800173637585
2019-04-01,0.01182442770879566,0.0026395631958452278,0.013071766268318793,0.011568600124275408
2019-04-02,0.00018975138605852322,-0.00264929411500435,0.000709052926646309,1.745570720723677e-05
2019-04-03,0.00428298804901961,-0.0013693628864926651,0.006516943603960579,0.002148376881724312
2019-04-04,0.0026459806495373497,0.0025181776834039995,-0.0008135148349266448,0.0020846350796801527
2019-04-05,0.004450139418344323,0.0027868195387580155,0.004872618511613835,0.004636432770241061
2019-04-08,0.004757044954460255,0.00530323750782544,0.005296893737895527,0.0010474599539205265
2019-04-09,-0.00842837709888763,-0.004092916822177159,-0.007056689796197685,-0.006067494393846573
2019-04-10,0.0028887900077707914,-0.0007474187161712035,0.005629911096180389,0.0034778715639784963
2019-04-11,0.002290603278112402,0.0021860903295809757,0.002830551496044484,3.8123067008344336e-05
2019-04-12,0.006891073706809448,0.005648003313447226,0.014903373665932038,0.006609324208602496
2019-04-15,-0.002592669887072341,0.0024691297256882122,-0.006620430832348463,-0.0006293691084816588
2019-04-16,0.00613996457248257,0.004303250031772946,0.007714298639753489,0.0005093580038946222
2019-04-17,0.008198759588113669,0.007953058821587436,0.010402749217096,-0.0022738117853239315
2019-04-18,0.0005436782453652091,-0.0009135972212747353,0.00021716572230351096,0.0015790922795098083
2019-04-22,0.0030223982568101443,0.0024016271259780482,0.0030223172614114134,0.001012017561471401
2019-04-23,0.005565946527562415,0.0045907718934185895,-0.0009059067877135055,0.008841205788409079
2019-04-24,-0.005510643507057756,-0.003645445601013439,0.0005819627635510831,-0.002191763174733685
2019-04-25,-0.0008407413018488461,-0.0008532248210933336,0.0027210250956432925,-0.0003689736527457965
2019-04-26,-0.0013337426687086596,0.004637270793863915,0.0007667900172421004,0.0046852921407636305
2019-04-29,-0.0002487536858399863,-0.0014916406886719077,0.0025984569802945424,0.001071522174355355
2019-04-30,0.00493879987608269,0.008711668584726976,0.00734883252122783,0.0009514170090862972
2019-05-01,-0.005438342704541699,-0.007959619095452055,-0.012102340126653644,-0.007502163081421376
2019-05-02,-0.003315114573834954,-0.0021406713198358187,0.0022533516536489104,-0.0021239857917741967
2019-05-03,0.008469514250941123,0.005009422667969446,0.007790599268040512,0.009638279380647763
2019-05-06,-0.008130264601009697,-0.004691064856255305,-0.008290399072790985,-0.004470988428756373
2019-05-07,-0.018743518211764343,-0.012656017224796768,-0.01967427183450754,-0.016511651392423388
2019-05-08,-0.0010630203748407175,-0.0006067400581797674,0.00020858418245340435,-0.0016054253132695706
2019-05-09,-0.006757471053753484,-0.006415328564665701,-0.006295372184405859,-0.0030214249424966866
2019-05-10,0.003671148774270672,0.008937236886345212,0.005788763049377276,0.0037202972597878414
2019-05-13,-0.027062261590585193,-0.01146071210430132,-0.026832011175115508,-0.02413055719884427
2019-05-14,0.008873153419124303,0.004959068004206274,0.008158708061892362,0.008015944543135589
2019-05-15,0.0034994503742548973,0.006214828671120383,0.0019822616786293484,0.00583897507464215
2019-05-16,0.006386966771407687,0.007672249298266273,0.013352562951959353,0.008895287120600504
2019-05-17,-0.00861883056956685,-0.004350695689146653,-0.008721680557849073,-0.005837333350761975
2019-05-20,-0.009190212643304699,-0.004268052092539541,-0.007959667189404225,-0.0067493779153879885
2019-05-21,0.006136753256652905,-0.0014895504815831784,0.004122672405420934,0.008495835590448308
2019-05-22,-0.004490526791808946,0.003724076164221481,-0.004016826670431654,-0.0028243962306494508
2019-05-23,-0.00862376803062057,-0.0017083237342530502,-0.013915960452752337,-0.01191414994527018
2019-05-24,0.0004072573338573361,0.0005148193642704967,0.00044495372957945717,0.0013535590072402126
2019-05-28,-0.011346098360704814,-0.013665794998318949,-0.011309027544168937,-0.008375676922946718
2019-05-29,-0.010775094673369724,-0.011994437799410895,-0.007826779720826835,-0.0069119122568113145
2019-05-30,0.0029272162596597376,0.006279121854674083,-0.00021518309786352244,0.0020984713906617714
2019-05-31,-0.01433834459215112,-0.01060610109904342,-0.017698688407254658,-0.01319537280847849
2019-06-03,5.397834701871264e-05,0.008962033703930098,-0.005953042447332221,-0.0027652403144732274
2019-06-04,0.02559207418655096,0.014796773594471492,0.03145432197159442,0.021432370568193138
2019-06-05,0.00840637215801462,0.010403890368201716,0.009276623229197256,0.008161854781411959
2019-06-06,0.010864401943614934,0.010847566243913255,0.009201656335381643,0.006135586748687638
2019-06-07,0.009696703571620401,0.005707264368755801,0.008708833443932373,0.01049769746289475
2019-06-10,0.007216539579488867,0.002341199589870234,0.00907902143996563,0.0046600444669098184
2019-06-11,0.004819535909979767,0.0023676936308182047,0.004451350989911686,-0.00034988023558091275
2019-06-12,-0.0035887302956597923,0.0021158795435565845,-0.009618047206927874,-0.0020375791387226005
2019-06-13,0.005136104355392513,0.0032644660235965697,0.00816698600954189,0.004097381912668174
2019-06-14,-0.0013457077420621303,0.0017617424270337002,-0.0023160631765326667,-0.001611511904139773
2019-06-17,0.0007656323967639045,-0.0021054848985970014,-0.000732275240254309,0.0009317492412306283
2019-06-18,0.013200899226757259,0.0009305243394449463,0.015026524472410563,0.009717399870633026
2019-06-19,0.0012692245645822386,0.003134700412302472,0.00098786872459629,0.002985163546397107
2019-06-20,0.011748491725281739,0.011550162964444955,0.007612535567835071,0.009472185190685156
2019-06-21,-0.0025821036829483225,-0.0015073752009303674,-0.006298827994364147,-0.0012592227925193322
2019-06-24,0.0003358402403131678,0.0014435557880427058,0.0023092411812467317,-0.0017318870104667816
2019-06-25,-0.008045294668037174,-0.0035909639027813405,-0.012732342222184527,-0.009496397343734198
2019-06-26,0.0059972396949675155,-0.006629096834305172,0.0081057268146153,-0.0012339337557076835
2019-06-27,0.001639864287302506,-0.0021301819731476836,0.00617606116414547,0.003823175554131808
2019-06-28,0.0029557619472529995,0.0012725016105185262,0.008803480102567925,0.0057574526279098315
2019-07-01,0.009386690904415362,0.008879738431040203,0.012483733964835335,0.007672301032188189
2019-07-02,-0.0006163916669079116,0.0035327868672330315,-0.00027270375644867405,0.002928125887423194
2019-07-03,0.007396447365253034,0.009606309488611443,0.007780115634608996,0.007672378673070135
2019-07-05,-0.004015238894874208,-0.0034121381456728825,-0.0038967008726756786,-0.00180590159841032
2019-07-08,-0.003030839374172401,0.0008405411899416124,-0.0016216200634066973,-0.004835444424841517
2019-07-09,-0.0016428501543357954,-0.003494531665248928,-0.0022403890852367874,0.0012365569653400854
2019-07-10,0.004107672914135675,0.0038720206783851557,0.005354926151330439,0.0045106896075925995
2019-07-11,0.007345355959249799,0.0036360479090972006,0.007255515312071165,0.002285226738359958
2019-07-12,0.00484092515370893,-0.0005491405130532569,0.007179294318741897,0.004620174547884881
2019-07-15,0.0007050609711608648,-0.0006015908713070528,-0.0017042634063131165,0.00017586919155743175
2019-07-16,-0.004509465978702388,-0.002611720558608881,-0.000523936264874957,-0.003403778522185874
2019-07-17,-0.004691683693040083,-0.003195118055736101,-0.004462340292578976,-0.006531243569450895
2019-07-18,0.0001955152733743357,-0.0005267284550591248,0.0032389689607043976,0.003581997784064761
2019-07-19,-0.004971125166939549,-0.008330220670292546,-0.005072960572973866,-0.00617673452276668
2019-07-22,0.003151882763372738,-0.0009834164697679428,0.008398877059465055,0.002828694915066654
2019-07-23,0.014106224668851098,0.01992603343087857,0.0057943095416874545,0.006847482673755456
2019-07-24,-0.0020543259827695225,-0.0030511016986170493,0.002389058221308623,0.004688147952890187
2019-07-25,-0.0032746703768512077,-0.004262254506442057,-0.005130662569614503,-0.005262401280453521
2019-07-26,0.005238927435527097,0.010166734424216804,0.009188276421414123,0.007387691099234761
2019-07-29,0.0051677835681131715,0.004706378857029219,0.002117393297199152,-0.0016161146071345112
2019-07-30,0.00039789847816986676,0.004071242655324988,0.00757817180436989,-0.0025786549148275606
2019-07-31,-0.013718444557959454,-0.013426200819800867,-0.013895115323594722,-0.010885526112695776
2019-08-01,-0.014600448349325178,-0.013271678336547325,-0.009084323944038318,-0.00899879386967306
2019-08-02,-0.007373677190049279,-0.0003449450971828526,-0.005755659029183203,-0.007282739927037873
2019-08-05,-0.030735234893350748,-0.021706542950233724,-0.03410909379008958,-0.0297778200029859
2019-08-06,0.01152309968184051,0.010821901461483225,0.013172241475327785,0.013017017169932643
2019-08-07,0.0005695049317742005,0.003197063525790594,-0.0010727015734780744,0.0007668762331907164
2019-08-08,0.01861148067514766,0.0154185522118955,0.0206590739324747,0.018762303409984193
2019-08-09,-0.010176187500092661,-0.005976881182759806,-0.006334581060846305,-0.00661660635492356
2019-08-12,-0.010580504929877665,-0.006890232407133853,-0.012766455749692795,-0.012317322177972212
2019-08-13,0.01746255851588008,0.010992014228203112,0.01780582856425188,0.015131688322181258
2019-08-14,-0.02899636840699957,-0.02265421670641706,-0.029181352626791293,-0.029292752911742603
2019-08-15,0.0015933896655086935,0.007510838809740994,0.003346577171077682,0.0024642680276520945
2019-08-16,0.02050277048597946,0.013506616760384537,0.0214786904389526,0.014426124657807904
2019-08-19,0.01814730228226069,0.009936278665462504,0.015174671291731046,0.012105865492430645
2019-08-20,-0.004440304138972328,-0.006869007005478513,-0.007873479693225187,-0.007914727601131322
2019-08-21,0.009242412262133693,0.0059826138728166466,0.007066987737190454,0.00824679859557964
2019-08-22,0.0013174575956854786,0.003508461782485995,0.0013604468817320229,-0.0005060748601761755
2019-08-23,-0.02923990711080014,-0.02120402205602363,-0.027344345729130307,-0.025946336754618105
2019-08-26,0.011488543295612219,0.011699342801488549,0.013695646921103465,0.010982987735216332
2019-08-27,-0.0034599774931684426,0.001621814435209759,-0.0014933793781270277,-0.003203180635808267
2019-08-28,0.005706905410645814,0.0064257594980050665,0.005368304145074248,0.006545480165679685
2019-08-29,0.01486183053552902,0.00591677090355934,0.015399072471383312,0.012687291793508804
2019-08-30,0.0012424744421703938,-0.0004116966876897004,-0.0007860189385957159,0.0006427872591217021
2019-09-03,-0.007469049547887086,0.00018913485032268697,-0.007457011679016049,-0.00689910050906084
2019-09-04,0.01281564273999427,0.009694235845034165,0.013573571249421712,0.010842079212828093
2019-09-05,0.01721216881915181,0.002530183364857785,0.01574765620368453,0.013009813642266721
2019-09-06,0.0009305141792927962,0.002936088302792457,-0.0009061706033793966,0.0009106051537297599
2019-09-09,0.005216424975330592,-0.0012511784034081755,0.0032186326696407408,-9.401025965849463e-05
2019-09-10,0.0061024791031903175,0.001656525524449465,-0.0029379178051725493,0.0003223043548219451
2019-09-11,0.009009491939820825,0.007192014938772878,0.006251396666186718,0.007229681189480308
2019-09-12,0.0022328974477305308,0.0046627840370590725,0.008108166056995356,0.002879153101061016
2019-09-13,6.336748425993514e-05,-0.00019958601250183683,0.001941054540839891,-0.0007244143620946941
2019-09-16,-0.005725984385698802,-0.006706161027365965,-0.010375746465809391,-0.0031355866640028207
2019-09-17,0.0010868389368602239,0.00220510610739137,0.0043095197621586395,0.0025817523700197853
2019-09-18,0.001879390280566207,0.0023914374907254158,0.006342648627942737,0.00034269198975556137
2019-09-19,-0.0028413084496186516,-0.0005082293223171205,0.0038769601948243624,1.997472142156731e-05
2019-09-20,-0.00844199292343093,-0.004108008984805131,-0.006576546690311594,-0.0048955765157830955
2019-09-23,0.0037399013035845034,0.003738012828488472,0.0025581389092521967,-9.693591923765066e-05
2019-09-24,-0.007533682156761535,-0.002600042669610804,-0.0077393083762985525,-0.008416371322106486
2019-09-25,0.0076932603820014,0.0005674154952521381,0.007709081711807787,0.006158571742003405
2019-09-26,-0.0018522995197480907,-0.00024454789270929225,0.0005384696902121836,-0.002428916406865711
2019-09-27,-0.003565229350936805,0.0011774756025737516,-0.003371750390017744,-0.005316352490240539
2019-09-30,0.0048114874435751685,0.0014448355737750878,0.004944200155157957,0.005047606675254723
2019-10-01,-0.00843567938475549,-0.004527308431348272,-0.01051839763842423,-0.012258373372913245
2019-10-02,-0.01735081036679157,-0.0197110659644072,-0.019758624291859747,-0.017903202985502964
2019-10-03,0.009921422647807031,0.006712545421763644,0.007571231094821432,0.00797191259701524
2019-10-04,0.0145058305441486,0.016073214790894113,0.017319579039057988,0.014216897585460186
2019-10-07,-0.004713409070378283,-0.008382355857627427,-0.0048723649287162165,-0.004478294673592398
2019-10-08,-0.015262318808602118,-0.01129046084443042,-0.011453973360261218,-0.015560819201407838
2019-10-09,0.008458855969154744,0.0032433321433744168,0.011647379126174686,0.0091044925499415
2019-10-10,0.009272455415379433,0.003292203849548235,0.00635005989916764,0.006415695380997066
2019-10-11,0.013815280834389189,0.004579013671711076,0.0052089577427083264,0.010938977513132997
2019-10-14,-0.0009332874122159551,-0.0018958973876323085,-0.001811794668392371,-0.0013871187334510982
2019-10-15,0.012171662730643752,0.003842465764482318,0.007387472861083413,0.009955676641137279
2019-10-16,-0.0027947621722204997,0.0008789450384284709,-0.0025133884709721936,-0.0019995427986508885
2019-10-17,0.0033261936149514785,0.0035428090200147074,0.000566802031716932,0.0027628315736780706
2019-10-18,-0.007132444715840692,-0.003233940044653541,-0.00042476099319102865,-0.003919344949506964
2019-10-21,0.010788939431478585,0.004681166684608886,0.007472155453306254,0.006871616056117524
2019-10-22,0.0037315836578689426,0.006133105357751768,0.0012307976193552288,-0.003568666378412577
2019-10-23,0.005781284211440907,0.0072066622229189576,0.0037708131555941014,0.0028471487971184484
2019-10-24,0.0001404560610893114,-0.0019444385178742322,0.008090565599190747,0.0019204463587332299
2019-10-25,0.00918909847735433,-0.004287220374958713,0.0003337387926367269,0.004072700506109195
2019-10-28,0.005827309354247778,0.000945314622913935,0.010325627379355535,0.005581337868471481
2019-10-29,-0.005946432052804207,-0.002775420827564911,-0.006322710479733886,-0.0008324053147991117
2019-10-30,0.004821535635386654,0.008524520477382598,0.00784327737145281,0.00325337015914573
2019-10-31,-0.0029881956301849423,-0.00012414247264098632,-0.003925298258847671,-0.0030228605633046968
2019-11-01,0.01308048855069638,0.0031640764825414404,0.005135835172784133,0.009662312168146059
2019-11-04,0.003548605456027442,-0.008894312033631006,-0.006729044496161464,0.003704089049704651
2019-11-05,-0.001314025904556737,-0.0025853076515913163,-0.004136454092042422,-0.001185699214361291
2019-11-06,-0.0007012661311394998,0.003324117613652818,0.00373762353942268,0.0007024972279667807
2019-11-07,0.003701123248214111,-0.0003972280436396123,-0.0015165576719016296,0.0027300951851503275
2019-11-08,0.0014243418609073523,-0.0003962021224509112,0.0038275970851794788,0.0025606760900243053
2019-11-11,-0.0022126755076487758,-0.005349236817228448,-0.0022464147853919663,-0.0019624672514313435
2019-11-12,-0.00204207059061452,-0.0034297845511044697,0.0018843111277590668,0.0015646460846321375
2019-11-13,0.0011833008813527,0.005387677947423117,0.005039009883761533,0.0007115345908383919
2019-11-14,0.0001373897395578805,0.0008179516914367314,0.0033020391937567677,0.0008370427393644686
2019-11-15,0.006303925113843465,0.0077434728625975485,0.005320245706081678,0.007695488006902673
2019-11-18,0.005781745763214331,0.004530423032419347,0.007323909923639508,0.0005031528617669423
2019-11-19,-0.009365910252277078,-0.00709012517705131,-0.011146868446233554,-0.0005925944462060739
2019-11-20,-0.001766204115425918,0.0006026488554171047,-0.0039050860158063977,-0.003756184245747196
2019-11-21,0.00014314091644345142,-0.001754120054947565,-0.005724653305586291,-0.0015827522106851566
2019-11-22,0.0019695121322069967,0.0022208944872446562,0.0009352013537759164,0.0021749356911917594
2019-11-25,0.010135400609465961,0.001809817641802005,0.0069591389881493194,0.007507291353015866
2019-11-26,0.0013129572152464908,0.007266675637667139,0.007386533832977474,0.0021955703874654287
2019-11-27,0.0032651401078334307,0.0017248430355111817,0.002783592122765744,0.004174424362754614
2019-11-29,-0.004579613104810687,-0.003093554301201222,-0.0043850414284220636,-0.004011219709926239
2019-12-02,-0.007047245327501927,0.001572233542472014,-0.005747185910712337,-0.008631020716408422
2019-12-03,-0.008335214204933094,-0.004037080884123688,-0.005687463389214392,-0.00663809511563529
2019-12-04,0.009742573395379872,0.012208729351690583,0.009302292975630275,0.00632356747139462
2019-12-05,0.001557440557863721,-0.00021753294444426597,0.00025131200721989635,0.0015002511791302187
2019-12-06,0.010336559505671439,0.006229073513105836,0.00783760068180924,0.009135724328457329
2019-12-09,-0.0007907155345549641,-0.00031160625877714996,0.00026420657448781275,-0.00316282139344648
2019-12-10,-0.0011700738123807343,-0.00427353749958887,-0.002104532487363819,-0.0010969340964486207
2019-12-11,0.002757938460725618,0.000668320606322489,-0.0008885191487563533,0.002908158040315856
2019-12-12,0.011714284083365967,0.007158296528288977,0.008545658568679339,0.008575225775086182
2019-12-13,0.0010890474501187631,0.0012022788837458013,0.00535388203172047,7.258178414493166e-05
2019-12-16,0.005298764158774238,0.003402995556523144,0.00451005265667399,0.007147785279833618
2019-12-17,0.003965601162321553,0.0028030179060578838,0.0012094754342410001,0.00033529222633799094
2019-12-18,-0.001331393494155964,-0.004850398128473911,-0.003581815345425576,-0.00043230017186479675
2019-12-19,0.004967699056240593,0.005640914632195978,0.006763159424812726,0.004459292004863613
2019-12-20,0.007493854654430333,0.006283319398300276,0.0065210448141980945,0.004944781081796634
2019-12-23,0.0013924970552821828,-0.0005634278806389925,-0.0021124480346730993,0.0008661436002121992
2019-12-24,-0.0005920478407789975,-0.0006525039246390699,0.0015944494041472705,-0.00019544819997963092
2019-12-26,0.005328686879919732,0.003474189163859207,0.005507954310035187,0.005128166675301138
2019-12-27,-0.00020020927854059732,0.002281329548677753,0.0017380792269564987,3.398471712534601e-05
2019-12-30,-0.006602169722791551,-0.005506769871782669,-0.008253567263686772,-0.005780822450430323
2019-12-31,0.0045536855401441265,0.0034958074209394054,0.003305977664309303,0.0029460216619106028
2020-01-02,0.009651011773142738,0.0003391396727001473,0.006548184820994601,0.008378802677341701
2020-01-03,-0.01003826032286207,-0.0077564845600971,-0.008946887609792025,-0.007059870562045378
2020-01-06,0.002543453288189868,0.001410499660319716,0.0020630813899469073,0.0035333728907271933
2020-01-07,-0.005442464933826129,-0.006179387001033864,-0.00842095315703021,-0.0028032386528962228
2020-01-08,0.005642388018066547,0.0018414967629004604,0.010733226875970956,0.004902451368978156
2020-01-09,0.010096706758070662,0.011325362346016634,0.014472724797613867,0.006655262605488987
2020-01-10,-0.0026057843804097257,-0.0017313470884615816,-0.000992692486494616,-0.002855178689662563
2020-01-13,0.010594627152898684,0.0076221994577426256,0.011317899561479052,0.006976215252569862
2020-01-14,-0.003766953861366184,-0.0006030356603585953,-0.005146115411824004,-0.001514532772802224
2020-01-15,0.0005151128496731162,0.005056423541573798,0.005126495030218858,0.0018701968845122874
2020-01-16,0.009021922760806655,0.0039318669131330536,0.010045331799461352,0.00836655302646827
2020-01-17,0.005247639066970023,0.0038535437518773994,0.006138281944359124,0.003862162248501333
2020-01-21,-0.00462744990025975,-0.0018918834609412327,-0.002636113981117007,-0.0026519776473655776
2020-01-22,-0.0019107068341849495,0.0007429147858660311,0.0007083517454621886,0.0002890760711180551
2020-01-23,0.001988942712034736,1.0654112400934777e-05,0.002439115941135343,0.0011409766124783616
2020-01-24,-0.008041104050598179,-0.004993342354912313,-0.005355808139313162,-0.009042160974207403
2020-01-27,-0.015219436165598677,-0.004884784670028807,-0.01103692306028619,-0.015730711659182384
2020-01-28,0.011558156636463191,0.0022564430661519905,0.012769684476022681,0.010053584595046017
2020-01-29,0.0009809206240385614,-0.0011472537167981358,0.007040809912109464,-0.0008668741908683941
2020-01-30,0.008092697457183908,0.013132057827545479,0.014648191072375093,0.003134358792605374
2020-01-31,-0.02425715861349713,-0.017087129050598237,-0.01966539157084281,-0.01770582037552626
2020-02-03,0.004218210458922579,0.0020777987035743932,0.009558087228368473,0.007254613892351713
2020-02-04,0.015822638023657323,0.005558724982423813,0.01995751198364902,0.014980414164082134
2020-02-05,0.015240160452503362,0.013678733195802458,0.005236321924638294,0.01125059589785371
2020-02-06,0.003662139726113456,-0.0005341257596369736,0.00976433216263901,0.003325672876785646
2020-02-07,-0.008280830283775686,-0.004357267722423376,-0.004449599706057579,-0.005400853672730133
2020-02-10,0.010078189612176904,0.0033234092268162774,0.01148628719213206,0.007326397804890528
2020-02-11,0.00019442531327522588,-0.001959583106592617,-0.011794714266187669,0.0016884725532351208
2020-02-12,0.006489213754305024,-0.0007097692916119932,0.0034283965301253557,0.006462646466197652
2020-02-13,-0.0012312320583926838,0.0016022888525007515,0.0005245617306712903,-0.0016304457368023773
2020-02-14,0.008578453806564013,0.0036210578027700718,0.006423994883530705,0.0018435333204338544
2020-02-18,-0.004904242762276535,-0.008980137118653557,-0.004994550381741039,-0.002919942636890105
2020-02-19,0.010801015080043086,0.004567103072839899,0.006045843034371293,0.004705785881164548
2020-02-20,-0.0033741516993557865,0.0008407129540336591,-0.0036163484122937093,-0.00381551976362815
2020-02-21,-0.0112483273855024,-0.00022776886036347701,-0.013924209001900835,-0.01051810302712286
2020-02-24,-0.03668101246153577,-0.02807007144565998,-0.035313673386737396,-0.03351362667122315
2020-02-25,-0.024605225277676133,-0.020025633176178864,-0.020214089950079096,-0.030279995565056117
2020-02-26,-0.00048481734397332055,-0.00729410805066315,0.003432226890432302,-0.0037785406053220116
2020-02-27,-0.05104706095607937,-0.04752547166461121,-0.05927040904033885,-0.04416324258407911
2020-02-28,-0.0002769788130723926,-0.016357982474000447,-0.0013195797569497548,-0.008238340444361891
2020-03-02,0.05023347266097747,0.04919421388655377,0.0646729665404167,0.046039229006110016
2020-03-03,-0.027791018143237298,-0.018316104467392003,-0.02561823483191922,-0.028107896121075893
2020-03-04,0.0444371110617676,0.04637526583083791,0.04562209983896839,0.04220259077449118
2020-03-05,-0.03290236109791044,-0.031338396372248355,-0.02896066728425571,-0.033922077046888544
2020-03-06,-0.02251675925900837,-0.022510560086301486,-0.01910654383680375,-0.01705385200037013
2020-03-09,-0.08507262660236756,-0.07317816639114005,-0.06796855533895911,-0.07596969747745097
2020-03-10,0.052602639485898876,0.04511015917477005,0.05799714701431633,0.04939630628156144
2020-03-11,-0.049173486215130444,-0.04779206756266436,-0.04800036683750189,-0.048868445131273974
2020-03-12,-0.09337835740332065,-0.08921509246213662,-0.09421607904416307,-0.09511268097833658
2020-03-13,0.09675902740912601,0.0770870372711984,0.11491523001724388,0.09287124972971839
2020-03-16,-0.11342703745093816,-0.0871003949311269,-0.11225151326059717,-0.11984055240393443
2020-03-17,0.06928622159829934,0.06267956435827526,0.06766018697856017,0.05995484974402432
2020-03-18,-0.05111153287332329,-0.052669163780057156,-0.03840742511407256,-0.051830762729157875
2020-03-19,-0.000290812755477244,-0.029742230430328077,-0.016291433229940776,0.0047078080405855705
2020-03-20,-0.05503070594978328,-0.06390229767769992,-0.05903854715629468,-0.04335951230846191
2020-03-23,-0.01998231174074824,-0.031117873365205773,-0.018859617504962005,-0.02929386782180443
2020-03-24,0.10290965548450652,0.08173846813545048,0.08359453104031793,0.09382773976227554
2020-03-25,0.011082984641340544,0.021802412358980033,-0.001109512768698395,0.011535011448221999
2020-03-26,0.05913396060793787,0.061625969408321025,0.062298981168701625,0.062414163303876835
2020-03-27,-0.032344450716956706,-0.026375022341227676,-0.02420739500436489,-0.033687352562252526
2020-03-30,0.045422043783731096,0.04407862572594689,0.047844480476060346,0.03351600948370015
2020-03-31,-0.013324128199898835,-0.022058098579808835,-0.02302304554429228,-0.016012721914555605
2020-04-01,-0.03961875760083251,-0.031659125632268324,-0.03553748949608126,-0.04414243033166543
2020-04-02,0.03891445415147736,0.043152928702349186,0.029626156570505272,0.02282934723487151
2020-04-03,-0.014909840287096389,-0.007266030466536889,-0.007040617843600523,-0.015137125124949469
2020-04-06,0.060960263082353916,0.04996231545648412,0.06275296074489042,0.07033131865275055
2020-04-07,-0.00701796398337684,-0.007522869675694312,-0.015327400768723944,-0.0016030527844311804
2020-04-08,0.031884507585442215,0.036061971693580754,0.020684519494597386,0.03405645287963033
2020-04-09,0.008810755661458015,0.00016301498813214233,-0.0034944051421848953,0.014487410153376512
2020-04-13,-0.014696942962512272,-0.015188165718407394,0.013558018734404823,-0.010104660822607414
2020-04-14,0.031018102337878155,0.035042283070869644,0.04848875434286742,0.030572589146256046
2020-04-15,-0.02237436597907713,-0.01258816792020959,-0.00668027797502276,-0.022030438529415775
2020-04-16,0.004361787387539707,-0.0038644732735819065,0.022886726918048984,0.005816689462164515
2020-04-17,0.032787325989576656,0.03438194625691465,0.006089949346019138,0.026793594848223412
2020-04-20,-0.02399115334327272,-0.025616059258094695,-0.023334684973965725,-0.01788104803401469
2020-04-21,-0.028103347043466696,-0.014442171311541512,-0.034514937212614095,-0.030674795694063395
2020-04-22,0.02076542839064498,0.01282261556842409,0.029188414130355087,0.022930247703843776
2020-04-23,0.002967776668764144,0.0073516299016630135,-0.004133076630619346,-0.0005394221197431159
2020-04-24,0.014534429305434304,0.0018234199598795612,0.013525940673480686,0.013918057304545428
2020-04-27,0.012292160853637026,0.006527896449830328,0.0022147656006486936,0.014714069804799612
2020-04-28,-0.005206104990272963,-0.0030112083589730063,-0.01604828188208516,-0.005242380698498916
2020-04-29,0.02456345119824224,0.010060187588012144,0.0253023106350663,0.026583916282167053
2020-04-30,-0.009216228262322624,-0.010363796023146106,0.0035304674038941805,-0.009212446303987654
2020-05-01,-0.025224537209143243,-0.019254122988607257,-0.02088519098116198,-0.028059034078492195
2020-05-04,0.0064383799177980105,0.0015020012131474333,0.014326355620743468,0.004249827591976452
2020-05-05,0.007569196718693106,0.004744614347549118,0.008363814238052302,0.009040556385797371
2020-05-06,-0.007136484126219001,-0.015952378107630765,0.000679372733319049,-0.006979410390386298
2020-05-07,0.006230696492457189,-0.002563875590815052,0.00679608368700621,0.011504630788313985
2020-05-08,0.025660275449291923,0.027647297840797648,0.02160913272311927,0.016871538638701944
2020-05-11,-0.0016961799655376363,-0.005729928194936074,0.012163655261727064,0.00013307822091168653
2020-05-12,-0.0200403412147279,-0.01319816428174793,-0.018479831075335632,-0.020500317528877154
2020-05-13,-0.015636477043562302,-0.01540131816780645,-0.00885842172166378,-0.01746272460422804
2020-05-14,0.012547773046528387,0.000951068544400879,0.009796828499038804,0.01152482269503552
2020-05-15,0.009326843138679531,0.003340977292708583,0.01922250909995775,0.0039263632504382695
2020-05-18,0.03411347043349981,0.02878063997544312,0.018241781008551734,0.03150119163168075
2020-05-19,-0.016402314284718757,-0.018698719405888693,-0.010993429400943127,-0.010484399194493177
2020-05-20,0.01759193055460738,0.013614493219844738,0.014094756309549284,0.01665110025908012
2020-05-21,-0.011144015573012155,-0.012739051382802517,-0.014353561976745633,-0.007773596407737116
2020-05-22,0.0015376167650841487,-0.0014657363556539965,0.010654508650872809,0.002353711326488428
2020-05-26,0.011501898677186527,0.011325407408817767,-0.014007786646216332,0.012289184036080147
2020-05-27,0.014427387910270673,0.01028240884362298,0.0006587023673957239,0.014827297215913804
2020-05-28,-0.0028733035201003233,0.006400335711681171,0.003878646687319428,-0.0021079145460738413
2020-05-29,0.004978189824876511,0.0023641675532188704,0.013559089313782769,0.004812335824971425
2020-06-01,0.003919232508841476,0.004368383819717271,0.0028436638924862496,0.003751234813537785
2020-06-02,0.010128185652212797,0.007143148519144932,0.00672406898920007,0.008210832780053412
2020-06-03,0.015412904365662707,0.014841826660948,0.0012939925700367967,0.013648979133831007
2020-06-04,-0.0030568166562707113,-0.008881831357130957,-0.01147075969999808,-0.0033687022311144066
2020-06-05,0.031506467560014274,0.02664632146195891,0.02173792205420554,0.026211650818398713
2020-06-08,0.009499488753982844,0.010251935625215713,0.0015229424258264889,0.012041579421169235
2020-06-09,-0.003554797766622786,-0.01182062261819779,0.012428857742797119,-0.007799170822611612
2020-06-10,-0.0005542773466275408,-0.005839538534569731,0.026164368692052336,-0.0053130910724373814
2020-06-11,-0.06105557446211276,-0.05391114398189834,-0.046078096524168034,-0.05894405927443824
2020-06-12,0.012041892227908146,0.008250410547772128,0.005934339144826528,0.013060843963234703
2020-06-15,0.007646340648465555,0.0047085174542392345,0.01318904538449319,0.008312217041285264
2020-06-16,0.02034134416810535,0.016910572257858178,0.012632158786312006,0.01896239819380252
2020-06-17,-0.005696257843022201,-0.007788614039792793,0.004755602265693927,-0.0036002995561740248
2020-06-18,0.0014433635058750172,0.004884748723080994,0.00615131526416198,0.0005942198825281686
2020-06-19,-0.007046106580054223,-0.009426780827074144,-0.0024971527623541354,-0.005649494809462974
2020-06-22,0.005942930956620685,-0.00331395370639974,0.01674171007923747,0.006495095537691675
2020-06-23,0.004041795921173586,-0.0007059506427403768,0.0035918903343558385,0.004307419569164139
2020-06-24,-0.024499414670211876,-0.023281367431804402,-0.01771376892420308,-0.025855145939064572
2020-06-25,0.013987457815513504,0.006938660251999783,0.016330890084318317,0.010959447267809841
2020-06-26,-0.027773660690534798,-0.023993980513546304,-0.026231230946401975,-0.024226905044785974
2020-06-29,0.01519007850505849,0.015856147367758283,0.014422418244023988,0.014685678433118632
2020-06-30,0.01493834547473305,0.010953219817135668,0.02158852035834952,0.015409875731554612
2020-07-01,-0.0031854087466268058,-0.0026174471465531526,0.003255114315854613,0.005022132820864389
2020-07-02,0.005558786121549897,0.004787504273870047,0.0065524303656903675,0.004541250844364075
2020-07-06,0.015005273690122257,0.009171100787952583,0.01843226132753265,0.01588172586745884
2020-07-07,-0.008809088839787583,-0.0037169530828426557,-0.001797539904198413,-0.010818532028197159
2020-07-08,0.010845263752077772,0.002216272491583815,0.018989045403550942,0.007827461915415501
2020-07-09,-0.008103504881793934,-0.013159357154824754,0.005554123411131421,-0.005643606159361103
2020-07-10,0.014745641668584662,0.013806068223070697,0.002652474887803529,0.01046620127324438
2020-07-13,-0.002018656218800319,0.006800908288138774,-0.014727308518436556,-0.009362541127788226
2020-07-14,0.02156275536585908,0.015842966358883423,0.012786301202735112,0.013406370782667931
2020-07-15,0.003912987601495454,0.004007942588330374,-0.0013312672689071796,0.009082050740923053
2020-07-16,-0.004027872349653972,4.425033740215892e-05,-0.010013740065101763,-0.0034061012455366413
2020-07-17,-0.0009703245134877522,0.005436406049048784,0.0006110709841050448,0.002848612194617406
2020-07-20,0.002840161028277188,-0.0058209365402420625,0.021626185646251465,0.0084069387471426
2020-07-21,0.006851732242208786,0.010343621258933016,-0.010470424056392058,0.0016790373419135474
2020-07-22,0.0053445343889925055,0.009749547639359715,0.008807824800655107,0.005747082068739751
2020-07-23,-0.01218333849219069,-0.001759006475782193,-0.02805672131604945,-0.012319859824193036
2020-07-24,-0.0009793631606338283,-0.00242928979506128,-0.002342205984440338,-0.006190400054688405
2020-07-27,0.008037860017839661,0.0008270193695708842,0.01417419358687309,0.007395138795039502
2020-07-28,-0.007015185234784827,-0.0008861474206493192,-0.0061908513422756105,-0.006473392152297919
2020-07-29,0.010285254566266711,0.0005998209976467659,0.012431601171007401,0.01242838167815008
2020-07-30,-0.005163028523395774,0.0021418816487973396,0.011992202683505614,-0.003750251937389204
2020-07-31,0.006099126911589128,-0.0021283279498528116,0.03238370152091507,0.007670504990141325
2020-08-03,0.010377753360620879,-0.0011980497129648931,0.028879711328184333,0.00718102343932614
2020-08-04,0.006553517276575915,0.009767831176389456,0.005195428159625223,0.0036119303819721615
2020-08-05,0.007488028613054077,0.0057924391286526804,0.00040874460638227263,0.006429743053199433
2020-08-06,0.00478185391740078,-0.0005380424104884261,0.014152455815345294,0.00642769555966427
2020-08-07,-0.0002640936812528522,0.0050854204754254935,-0.011657808566327404,0.0006330295486443038
2020-08-10,0.009146472525777683,0.0019948617871098986,-0.000751104473247642,0.002742218294476073
2020-08-11,-0.004437019701278911,-0.0027340824140566736,-0.020906503440320526,-0.007969132154236114
2020-08-12,0.017747780671615202,0.014885710390593663,0.029350833232732153,0.013996549490237653
2020-08-13,-0.003724148069780153,-0.004165044853551532,0.005319674329806264,-0.002047174350497949
2020-08-14,0.00045215659191398793,-0.0002585521938041533,-0.00028057710574994597,-0.00017188262276812694
2020-08-17,0.005313004270882638,0.0007254186700722014,0.009363331965613854,0.0027098425110787527
2020-08-18,-0.0005528911622868506,0.005051640854149383,0.005717849175564383,0.002303389154016955
2020-08-19,-0.005866741459712266,-0.008331101249762694,-0.0041091613231683,-0.0044043954214108005
2020-08-20,0.002120231602969314,0.003414609607438413,0.01597353637471873,0.0031586327691348615
2020-08-21,0.010860856108299434,0.004736712723898615,0.019414589772996222,0.0034411070444764214
2020-08-24,0.013658299437221322,0.010087812378999717,0.0071115799178810635,0.010043718303008653
2020-08-25,-0.0023971615641622977,-0.002048180651078137,0.0028516829614520225,0.0035963511532906
2020-08-26,0.002877837288587315,0.00035253244653646353,0.009362009295932675,0.010195626139483993
2020-08-27,0.0031588467478091747,0.00021373836267978472,0.0021632993751533403,0.0016730440109038458
2020-08-28,0.011305837444809341,0.013684810226403204,0.008272018525182709,0.00673256535528588
2020-08-31,-0.0031388872152557593,-0.003475915781883537,0.006706459742645865,-0.0021949627140287475
2020-09-01,0.007572881476878913,-0.0060175683512923685,0.01763071459905439,0.007525003016613407
2020-09-02,0.01515667291305367,0.020945917789406833,0.008622867754269002,0.015365910154807594
2020-09-03,-0.03582600812109967,-0.020838636922195883,-0.05739494012272404,-0.03512584371534122
2020-09-04,-0.002864031733223849,0.0002001046754559551,-0.007942305302140596,-0.008133027264274895
2020-09-08,-0.028228588070130154,-0.01757156099021875,-0.04681580941793721,-0.027756342102360998
2020-09-09,0.025070196537148294,0.013350548339258049,0.03682339510048572,0.02014498633677464
2020-09-10,-0.019484043188177282,-0.01280424783320807,-0.0247159791330755,-0.01758479659017942
2020-09-11,0.005556311478983111,0.01077495442175114,-0.00414036450094799,0.0005330721905940639
2020-09-14,0.01244352684748946,0.0034470135742848914,0.018417590752501257,0.012741829089357504
2020-09-15,-0.0018651795330138945,0.002980543503528238,0.006397928747605642,0.005219359577689042
2020-09-16,-0.0049401882296418965,-0.0026957131236461348,-0.020171850234986785,-0.004618946596211537
2020-09-17,-0.00441600080272041,-0.004962247019173754,-0.00874533942176344,-0.008412365876402483
2020-09-18,-0.010047944314721237,0.0005358506475436376,-0.015963265678063405,-0.011182581807410497
2020-09-21,-0.009914200275058273,-0.018394238907277653,0.013859752893727463,-0.011571097930805796
2020-09-22,0.004448919260043816,0.0029489135669229934,0.015653247519359745,0.010517945160813724
2020-09-23,-0.024698349568307857,-0.01582904733733154,-0.03038355938750746,-0.023721455093028143
2020-09-24,0.005713538408276231,0.004790411509476376,0.010291181510582765,0.0029874591429570607
2020-09-25,0.01493439720487666,0.00571074338998077,0.02422954370154132,0.0159767237756141
2020-09-28,0.014279851000524115,0.009749054072021356,0.011691599116902877,0.016110590199083896
2020-09-29,-0.005665144815560208,-0.006046481431575498,-0.005373879037640757,-0.0048126645432444715
2020-09-30,0.013060083553034785,0.01107060853684411,0.015148661048205671,0.008253718228220741
2020-10-01,-0.0032098721731279147,-0.006016963557109541,0.006777806473307214,0.005292907769290922
2020-10-02,-0.008100653007002745,-0.004366058039691452,-0.025308129677419335,-0.009577652178616392
2020-10-05,0.019658777916372387,0.009552363245120958,0.022860704303095527,0.01797270867614209
2020-10-06,-0.011704796420054278,-0.008514427796864564,-0.013763346856188956,-0.013973515692226712
2020-10-07,0.014910117396228826,0.010708173752950098,0.014880950491039477,0.01739675486921799
2020-10-08,0.011681117012109811,0.01296846678937182,0.0018687436357103316,0.008010123642494982
2020-10-09,0.006564134839021074,0.008414589341164402,0.014768548541312201,0.00879353312061526
2020-10-12,0.01809804606826733,0.00798013839993875,0.03355370804682557,0.01641581296364758
2020-10-13,-0.007928742550301782,-0.013642376079109987,-0.006394769470263152,-0.006306918994084421
2020-10-14,-0.00335656944698417,-0.0018823050164309847,-0.003924349048875648,-0.006623141753502759
2020-10-15,0.0005583630469575551,-0.0025164726896856273,-0.004165523028690027,-0.0015277553060997207
2020-10-16,-0.00037974774199106575,0.0021848652650679505,-0.004210645640993467,0.00013491955745537076
2020-10-19,-0.018159617319709453,-0.017281330599483752,-0.022532349542109364,-0.016329861778318078
2020-10-20,0.00753974649538014,0.006525663955474783,0.0068791843711488,0.004727334073110212
2020-10-21,-0.005839977279558118,-0.002648293566814125,-0.0007289249028963779,-0.0021956999281005363
2020-10-22,0.008175290277583737,0.007314575096096517,-0.0060994137082062095,0.005218925396392127
2020-10-23,0.0017047735703670799,-4.7570194846771943e-05,0.0037493603431075005,0.003445761353703114
2020-10-26,-0.01970084591091552,-0.011260986954197045,-0.014159298717494254,-0.018589516294535646
2020-10-27,-0.0012456209620950844,0.00039320759181680766,0.012797664076299639,-0.0030256189119989285
2020-10-28,-0.039332938049534694,-0.03537372685700518,-0.04448412312154572,-0.035287878760604796
2020-10-29,0.01444559334601867,0.001477525516499632,0.01717500014333098,0.011947330894238384
2020-10-30,-0.010490274859707828,-0.0033035068880667468,-0.024988304197343415,-0.012129550130175693
2020-11-02,0.01548553114089052,0.012964835049659664,0.0029622716641841147,0.01231820260127181
2020-11-03,0.016979260749520532,0.00958186530888214,0.020108206530364204,0.01779929009643455
2020-11-04,0.0056375073181997104,0.0009205243685947576,0.03162769427979946,0.02204704770168342
2020-11-05,0.021513849011650366,0.006998190328972376,0.026617952767629273,0.01946019413896294
2020-11-06,0.0011421384833496973,0.006135504090361109,0.004931459723286466,-0.00028771518741854685
2020-11-09,0.021656610677521258,0.02305357368349822,-0.030587062423819568,0.01169988923568721
2020-11-10,0.000672403296890967,0.01914293800850395,-0.01264952406724963,-0.0013997945931910616
2020-11-11,0.007579527469474213,0.0007595689650126568,0.026037141599582533,0.007651855318760337
2020-11-12,-0.006520761981892642,-0.0044621865066072205,-0.001776408374995221,-0.009978532303877019
2020-11-13,0.007659898226019246,0.011623991140967092,0.004846459492813087,0.013610335409063534
2020-11-16,0.01326121960081029,0.004754696395321407,0.0014927598882974935,0.011648051240012336
2020-11-17,-0.007372637779685498,-0.005043329173709237,-0.007949964068108814,-0.004791925698091615
2020-11-18,-0.012266966908978194,-0.017304420147931935,-0.011887980786766766,-0.011563829610944043
2020-11-19,0.003227831547383375,0.0027316416316153433,0.0031816011532890026,0.003946442467421596
2020-11-20,-0.009122301986500493,-0.005846793372686334,-0.009342416437922007,-0.006792562915180156
2020-11-23,0.00740631048753796,-0.0004116028842856604,-0.010063191031130706,0.005635930617216234
2020-11-24,0.015454873055241547,0.006990816345311984,0.006442095512203072,0.016161668273416252
2020-11-25,-0.002398752602451593,-0.0028384358340139675,0.005248427367851194,-0.001584418237524976
2020-11-27,-0.00012797345013534342,-0.0014397820238537188,0.0034116016767785887,0.002396979198154181
2020-11-30,-0.006248621830318524,-0.0046759095532392615,0.006358432873257986,-0.004595548640170977
2020-12-01,0.009190080718086078,0.010651031768566268,0.013228714147793127,0.011271187194776155
2020-12-02,0.00549559834761706,0.001875760484424839,-0.0012515509159007321,0.0017911667548251575
2020-12-03,-0.0012107790170400535,0.0036311696706611404,-0.0052035640322719455,-0.000624157213091503
2020-12-04,0.011036220738236636,0.010716493253500842,1.1600291772246287e-05,0.008836275129611826
2020-12-07,-0.005436883102948253,-0.008005955396218735,0.0044048996079385375,-0.0019356376714373402
2020-12-08,0.0048811462550567,0.009196127334756757,0.002792483008910703,0.002787148065356293
2020-12-09,-0.004353241710957602,0.0013106175842913588,-0.018878752102503293,-0.007949201604598555
2020-12-10,0.00039069510511015017,-0.0030319794588446842,0.00015340597369700832,-0.0012851080682624305
2020-12-11,0.0017877497062281035,0.004644993987020066,0.004402032703031294,-0.0012649972997506032
2020-12-14,-0.005936756487150839,-0.011796206803302484,0.0006780251977410072,-0.004359258971957769
2020-12-15,0.014656165417648448,0.010677249864620472,0.01707873033765409,0.012921249154708825
2020-12-16,0.0010669307550277396,-0.0037091258330148647,0.007490367277001584,0.0017727951669590514
2020-12-17,0.00536347114080592,0.011415029281357372,0.005169019498514605,0.005757654753379748
2020-12-18,-0.0029530087007541904,0.004110741414868836,-0.0047262197883271165,-0.0035111185091528663
2020-12-21,0.001421234979627095,-0.011983237098422,0.006427222993610803,-0.0039062790518439305
2020-12-22,-0.0034999578493335346,-0.003335832213583159,0.007846474812978756,-0.002073092860288006
2020-12-23,0.0009509654162951356,0.0004908430227537674,-0.008545897139383356,0.000745811250824957
2020-12-24,0.0036776344680816368,0.005976937890678295,0.007546729011787182,0.0035365890047962534
2020-12-28,0.006079777993577763,0.008379215417577432,0.015034914236022488,0.008722529021144565
2020-12-29,-0.00446907687655962,-0.0002215535940216667,-0.005286640130214914,-0.00222738052560012
2020-12-30,0.0036013448711303183,0.004320524611312142,-0.005649498087081751,0.0013415471654707467
2020-12-31,0.003140807980320637,0.006808420670448002,0.0009350471672663967,0.006438845522919845
2021-01-04,-0.010284800381464156,-0.016091084459167727,-0.0161534155471648,-0.014754827521051062
2021-01-05,0.011257267293247596,0.005707335238106278,0.008180773848051109,0.007082595157549276
2021-01-06,0.0003418300366854534,-0.0027899201517870213,-0.020814994466905767,0.005709842747752214
2021-01-07,0.014105536812521035,-0.003701284716484419,0.021946846568997026,0.014847403800101189
2021-01-08,0.005261993098830187,0.006894492454621225,0.0037834532116119784,0.005491862685268911
2021-01-11,0.0016007307103478527,-0.007078508218218166,-0.009319204690376939,-0.006554750898592476
2021-01-12,0.0037125292520851284,-0.0027158602152450354,-0.006694914073474481,0.0004157884466327033
2021-01-13,0.002288624000268658,0.0005020278744001376,0.007644346103879764,0.0022756417379066196
2021-01-14,-0.0034919695238207825,-0.0033233466694862573,-0.014782759442706461,-0.0037534511943366766
2021-01-15,-0.011482481590549709,-0.006454377498460511,-0.009474958810472714,-0.007190027975370938
2021-01-19,0.004818172806203681,0.0012047952859718179,0.005637213317890153,0.008136379515524483
2021-01-20,0.007837678118328561,-0.002172352497696385,0.019671037588340205,0.013935625421946263
2021-01-21,0.00570492574671353,0.0006645443539559577,0.015298798395616355,0.0003167233075522802
2021-01-22,-0.0002009657303221778,-0.0008782824844659721,0.002698512454456169,-0.0030106116552376383
2021-01-25,0.0033456291488411787,0.011625593135444742,0.01779542286241078,0.0036158389430824833
2021-01-26,0.0006463981869354931,0.011801222369061394,0.004495162767529246,-0.0014888337468982327
2021-01-27,-0.02148192354906928,-0.021936663504991433,-0.016037811684303547,-0.025677883699462
2021-01-28,0.010543269202245497,0.011437224686676439,0.0029302037872510787,0.009760625975629766
2021-01-29,-0.021546507405710846,-0.024617549138613627,-0.02539496484932034,-0.019311475173124593
2021-02-01,0.009559290284435707,0.003167400919779749,0.018583504575080116,0.016051767614439383
2021-02-02,0.012588654911621734,0.0008824185882619207,0.0037227449067806125,0.013898223484416938
2021-02-03,0.005017685801438831,-0.00040642050253712894,0.0022168834348496006,0.0010087690809532646
2021-02-04,0.01066026204235192,0.006506746094200402,0.007679831460573337,0.010853322230420792
2021-02-05,0.006351002891437984,0.010771192155696312,2.550114155553345e-05,0.003897495164625342
2021-02-08,0.01557469597647714,0.0033438655521309483,0.005975037235199554,0.007399348360373592
2021-02-09,-0.004167018833033664,-0.0011903898935552795,-0.0027405164791303904,-0.0011135249921484514
2021-02-10,0.004382673638953461,2.358084363326124e-05,-7.347990071932587e-05,-0.00034518493235935477
2021-02-11,0.0017889075925251571,0.0016956393093463299,0.005039800447614955,0.0016624551635393559
2021-02-12,0.0017861226451864835,0.002143896685965098,-0.002411708638040045,0.0047110331133788375
2021-02-16,0.005698507105525097,-0.004012159237927829,-0.0032393423836760437,-0.0005692724183511411
2021-02-17,0.00024140672892153378,0.0029698655015574548,-0.005486302993919782,-0.0003204020092266724
2021-02-18,-0.0010413384362805923,0.006047567496936192,-0.001112380354073025,-0.004415835627354592
2021-02-19,0.0009325497708421727,-0.014759700535473862,-0.008024258681254202,-0.0018548966445751658
2021-02-22,-0.001781641917275823,0.0016116345367496363,-0.022080373885290164,-0.0077328394581538396
2021-02-23,-0.0024121132122051025,-0.002247906749210002,-0.0011807064663801744,0.0012563181187927874
2021-02-24,0.007530637426322728,0.004785026242005708,0.003284263860300796,0.01135161376597904
2021-02-25,-0.020995706182167742,-0.007538235225023724,-0.02830211539298138,-0.02447880752512621
2021-02-26,-0.009254000665439311,-0.022128286855600435,0.0009406299538140318,-0.004750214169902844
2021-03-01,0.020354015572199936,0.011843478875006433,0.024815648921477976,0.023790763506800205
2021-03-02,-0.009844546116978293,-0.0012059782340991016,-0.014242727881420949,-0.008080851690870694
2021-03-03,-0.011039548262970844,-0.008529301501088304,-0.021709627127592127,-0.01306622187199813
2021-03-04,-0.009411980494528582,-0.009022784643585535,-0.011691207469710812,-0.013417213930100202
2021-03-05,0.019295581350486857,0.02242545447613705,0.019809289376670595,0.01949596819778221
2021-03-08,-0.0053453558574485084,0.011020962686934142,-0.021755723439711827,-0.005359231030161227
2021-03-09,0.010582543752083817,-0.005021081581300284,0.02599598298158602,0.01415464230382213
2021-03-10,0.0093869108689866,0.010427283816785099,-0.0021526180703013544,0.006030313342701321
2021-03-11,0.0055821415119950086,-0.0036089028433633407,0.01422987691866642,0.010395487004435822
2021-03-12,0.006705171555633473,0.004382616372314764,-0.0021840277841854456,0.0010153984958789497
2021-03-15,0.0065292046534480295,0.0069888783321083526,0.00973176858838259,0.006491921301497117
2021-03-16,0.0006268763882279484,0.003906420953918724,0.00917294183153827,-0.0015696837343783798
2021-03-17,0.0026217151277376674,-0.002578007273985916,-0.0036144814610236716,0.00287938213053085
2021-03-18,-0.014776968471026032,-0.005188427479504832,-0.022153938011489974,-0.014760539319459198
2021-03-19,-0.002363363591630052,-0.0001129347128278369,-0.002464738679179252,-0.0006027039747036333
2021-03-22,0.006843262253833693,0.0070923153524009045,0.023582227891500593,0.007025118077311765
2021-03-23,-0.003672910872328927,0.00714475001419396,0.004655649847327133,-0.007630854183940605
2021-03-24,0.0001563834185776217,0.004520899144595245,-0.01203814506336383,-0.00546733601831495
2021-03-25,0.003816303609655325,0.005834928763666517,-0.001496374326736895,0.005240265846959469
2021-03-26,0.018945885163451793,0.017947419874416032,0.01374083251331665,0.016631202604519668
2021-03-29,0.0019311933574905904,0.010647597498640424,0.004416947458430838,-0.0008680126852336212
2021-03-30,-0.004669415716377978,-0.010398266023550337,-0.013219595228308218,-0.0031578329337678124
2021-03-31,0.0026750517471659683,-0.0037977937042739285,0.014359567640425695,0.0036224990395776757
2021-04-01,0.00976628274457527,-0.004802695112051968,0.011385134309466347,0.011825201774944727
2021-04-05,0.010840695804660272,0.008862319174279204,0.0215123187484481,0.014438226417743616
2021-04-06,-0.003222131877447299,0.0017557711582529114,-0.001509712219221188,-0.0009735307519511682
2021-04-07,0.006169497818425596,0.0015659912212969292,0.009048014215057593,0.001475232784985625
2021-04-08,0.003917188613110911,-0.00044265990796906374,0.011232692189184703,0.0042206328286402695
2021-04-09,0.004200004163215598,-0.0033495844408896634,0.007897790292737713,0.007719934348738189
2021-04-12,0.004976348060876801,0.0027165278237953855,-0.0022938873086110942,-0.00019607884876882142
2021-04-13,0.0017666768862809378,-0.008843121468451906,0.005994664486756138,0.0032944868090414303
2021-04-14,-0.002543872855491581,0.0026187104079351043,-0.006940588018968725,-0.004087726727828533
2021-04-15,0.011871876897037514,0.00646858684143078,0.014309351445080307,0.01109419052516647
2021-04-16,0.002846112079621455,0.006313050121526164,0.0015204727666812989,0.0036088195555097347
2021-04-19,-0.004846352832515088,0.0006886145466267792,-0.00266423897421932,-0.005306560094486046
2021-04-20,-0.006483322682143889,0.008540695066094084,-0.003467158114373509,-0.006802319771775922
2021-04-21,0.007534712667695931,0.0015276292810382003,0.003114771692514548,0.009306055472153574
2021-04-22,-0.014272036376478116,-0.008135859130984401,-0.01193308946364465,-0.009210657476561801
2021-04-23,0.010094156918979004,0.0003627056464161908,0.009463359358021574,0.010928696540176919
2021-04-26,-0.003053381624255202,-0.013276292139926047,-0.004974314699261585,0.001782270924804541
2021-04-27,0.0003725195966796547,-0.0017022329316060672,-0.00043405724502430446,-0.00021489588801437698
2021-04-28,-0.0004249723634471626,-0.0008111313836467438,-0.009428097413357197,-0.0008455399168898481
2021-04-29,0.005953984213777674,0.011791264144672626,-0.0005995794165048533,0.006762806734045723
2021-04-30,-0.008431101311751309,-0.0037307550741305985,-0.0029700849179840295,-0.007194706699326425
2021-05-03,0.007711346645727292,0.013333011468570697,0.006426052117198171,0.002748090747253684
2021-05-04,-0.0027771985451702456,0.002350804990676964,-0.01495434387899433,-0.006678337608227225
2021-05-05,0.0049496934319275595,-0.00326753894033843,-0.00238028116984602,0.0007034637617677753
2021-05-06,0.00999746770928477,0.009468171134555057,0.012060075460563332,0.008165456466051824
2021-05-07,0.007943176401257059,0.002307623459961921,0.00610451192302404,0.007373341616968343
2021-05-10,-0.0032610559341960787,0.010801969175353247,-0.007919622296167132,-0.010435647322188157
2021-05-11,-0.012499291486697718,-0.010569817337429222,-0.006849268604047188,-0.00867391280271812
2021-05-12,-0.016345702032953168,-0.0092150441847777,-0.021684115428476553,-0.021449400664502738
2021-05-13,0.011479528269596905,0.012203439425694206,0.016959224019775024,0.012173141406923493
2021-05-14,0.013469056849930274,0.002993450536358,0.013324863402664195,0.014917956876899785
2021-05-17,-0.000256886098906239,-0.0008562713920933773,-0.006825185153845304,-0.0025300521932207776
2021-05-18,-0.012006765355771444,-0.006522690673381166,-0.010699801466023132,-0.008517292959364653
2021-05-19,-0.004823628431233785,-0.0024111148209888427,7.088546345350746e-05,-0.002943411456817757
2021-05-20,0.009119701928455827,0.007724444121543683,0.013358060607582968,0.010554741756143349
2021-05-21,0.002658085683054001,-0.0005100888267335249,-0.005416176313423079,-0.0007838806801412357
2021-05-24,0.010620574351640112,0.002382266464467622,0.011211226234358461,0.009911292190138532
2021-05-25,-0.0029845620944950473,-0.0002846326750707846,0.001467390842807119,-0.0021252837802967495
2021-05-26,0.00138900106372688,-0.0006915656996891545,-0.0008511194567737034,0.0018768165702687245
2021-05-27,-0.0021779864546588533,-0.004982082937197552,-0.01212625325236743,0.0011653145418315525
2021-05-28,0.0038715650449681837,-0.0006395197532470234,-0.0013416854204393923,0.0007688818911402162
2021-06-01,-0.00016753848302147886,-0.01030021606082035,-0.00783392646359393,-0.0004923335226864056
2021-06-02,0.005618953637514868,0.003618059573916529,0.003146010515623727,0.0014469348384307246
2021-06-03,0.0012713186177460644,0.005210268819983239,-0.0003079563742323816,-0.0036287033416374515
2021-06-04,0.009208099431838847,0.0033291323833793923,0.012219571518090867,0.008834095710505974
2021-06-07,-0.0024497814921627835,-0.002547235645262019,0.0035400677532293773,-0.0007967387044511831
2021-06-08,-0.0016338295415532665,-0.006927493767168055,-0.002748236789032755,0.00017502486450582388
2021-06-09,-0.0026783357471786952,0.002472151521969765,0.00023274536337067895,-0.0018238673194856947
2021-06-10,-0.0014467702592652286,0.007004335208928696,0.0020810295542813702,0.004652243012262192
2021-06-11,-0.0003969138924109774,-0.004294838790070804,0.0007486987208931469,0.0019484346695590737
2021-06-14,0.0011735044031544243,-0.00013771817804782935,0.009215620238990991,0.0018152018730952513
2021-06-15,-0.00208530771937232,-0.002310733227923096,-0.004559973762686865,-0.0020116937805257917
2021-06-16,-0.004525153721181896,-0.008864447829911951,-0.005198504987813123,-0.005390124612855707
2021-06-17,-0.0003285483349441567,0.004426790874799339,0.008748123223186032,-0.00043571559205179966
2021-06-18,-0.012788229742590274,-0.017221413795136864,-0.009338142403987698,-0.013124468779900589
2021-06-21,0.013596852222535196,0.011674555085429951,0.012115741976198243,0.014002289962720793
2021-06-22,0.008525967686178228,0.0029159865895518455,0.007917465982055312,0.005124491902218642
2021-06-23,0.00036886268635422114,-0.0044033260994419225,-0.0012540930262804986,-0.0010832833431588806
2021-06-24,0.006092884963818979,0.00316595058586624,0.0026980331571711943,0.005811249724885448
2021-06-25,0.0004734546558416761,0.005880821490012776,0.001137160962070093,0.0033305973193167304
2021-06-28,0.005552741891156087,-0.0003572027226971772,0.009053467540961547,0.0023149642620619026
2021-06-29,0.0009222033178475919,-0.003048244923722924,0.0045949070991096715,0.00027733619326086867
2021-06-30,0.004471503425148171,0.004264172245897367,0.0027721137589593373,0.0013281596467464851
2021-07-01,0.003908909744922396,0.0029438979360218048,0.0022578346581389962,0.0052216268542757405
2021-07-02,0.008870163966859846,0.008551350984078688,0.014485666619063356,0.007500081663913916
2021-07-06,-0.006126406110120453,-0.0048570913762544495,0.003087850925805549,-0.0020218560598241897
2021-07-07,0.0038812204532790886,0.007743404890913425,0.010883892312755704,0.003358975310182588
2021-07-08,-0.00957920712596907,-0.003074215396817285,-0.007676629406842582,-0.008561024934316985
2021-07-09,0.011906724924154276,0.004866910173326399,0.005520270663191359,0.011277947808795874
2021-07-12,0.0033783887317995528,-0.00023916325033506835,0.0004241342963023761,0.0034511743312370946
2021-07-13,-0.003397695299416681,0.000650124888361937,0.004645067143297577,-0.0035168126585656267
2021-07-14,0.0010844893093997611,0.01012217214192515,0.009098341638792801,0.0011649345752446916
2021-07-15,-0.005182438951975733,0.0001415528728295717,-0.004298889050918962,-0.0032622408541723713
2021-07-16,-0.012062019675391345,0.0005886428834370246,-0.005574777510723648,-0.007538854211077806
2021-07-19,-0.01191698740816455,-0.007932221027106136,-0.009378742438822077,-0.015869512427409305
2021-07-20,0.010525779272982462,0.004206538377364763,0.0081552485953097,0.015162609437855634
2021-07-21,0.01303839437529947,0.005685502496267966,0.0036097421601738802,0.008241819990835397
2021-07-22,0.0003187747515875471,-0.0009426610208280846,0.00755737604782531,0.0020166699583279435
2021-07-23,0.007468039997058242,0.011550947507208212,0.011485216036978708,0.010145452020822843
2021-07-26,0.002622579596090502,0.00210398497017237,0.00015167693839604487,0.0023821998626283314
2021-07-27,-0.004550104214691143,0.0020325614307973097,-0.006311551943696524,-0.0047124448070912095
2021-07-28,-0.0014239798270764827,-0.007932665497188537,-0.006996443488699897,-0.0001862618826539153
2021-07-29,0.005626429282484181,0.003988033640499873,0.004000152228544003,0.004206152980007483
2021-07-30,-0.0048911568298777635,0.004863923862399687,0.00366783457706902,-0.0054060480514769305
2021-08-02,-0.0008950029779065784,-0.0016571434766959692,-0.00046763634348119326,-0.001842805614891363
2021-08-03,0.010446006198028024,0.010039101875769616,0.011062402062346342,0.0082034265474622
2021-08-04,-0.007077364373284334,-0.010246208696025551,-0.002780756986237167,-0.004632387901412294
2021-08-05,0.007917857083542625,0.0036178318519265317,0.005261647456247989,0.006005446813494242
2021-08-06,0.0009107149969949659,-0.0029041953444514934,-0.00489740063536979,0.001675266241764728
2021-08-09,-0.0011812532995298163,0.0021278969300239565,7.697726935824551e-05,-0.0009399082741974318
2021-08-10,0.0038498442286063477,0.0024526161686608846,-0.004091805918964092,0.0009926793341701323
2021-08-11,0.006003894542304645,0.00221598353783387,0.0011317445196555235,0.0012757437876824707
2021-08-12,0.003990476851606916,0.003174121470663204,0.010779480836657071,0.004146380281677686
2021-08-13,0.0006832567120599432,0.004091578145660969,0.006203766277396459,0.001607306655808216
2021-08-16,0.0014225783158285155,0.006382614398567723,0.006851804102776762,0.002620850702215849
2021-08-17,-0.010979780244240879,-0.0012162032168381632,-0.005307906797658357,-0.00706069881494753
2021-08-18,-0.013500792959360786,-0.01190919808266905,-0.014857489432464345,-0.010748470745585936
2021-08-19,0.0028638212852770124,0.006493146045874727,0.01374103687808512,0.0012566922329095842
2021-08-20,0.011391653608731712,0.002179072289174764,0.015537592508919193,0.008141567655737925
2021-08-23,0.012300455273919831,-0.0022136017142046654,0.006947065978600872,0.00852379036424833
2021-08-24,-0.002078685757883425,-0.00831504166174441,-0.005102568287044434,0.0014957363013194946
2021-08-25,0.0029218053798153788,-0.0029100227857063177,-0.0023705089930605027,0.002220118224179668
2021-08-26,-0.007043226709562845,-0.005943218016728434,-0.005843993571273084,-0.005824918819612557
2021-08-27,0.007495208203315462,0.0009514760252496697,0.004932275129473555,0.008807632480425154
2021-08-30,0.0041802387077294785,0.005909553389932134,0.014440521664852395,0.004306570844779589
2021-08-31,-0.005196694619074116,-0.0021943593407814685,-0.00655598093090915,-0.0013491160395050494
2021-09-01,-0.0004466696080970833,0.005130425250658634,0.004422651571520195,0.0003116886257619189
2021-09-02,0.007227432360454833,0.004745678078259159,0.0018160109654542875,0.002842638410522902
2021-09-03,0.0016194027573602332,0.0005961711395669479,0.0031755284181336167,-0.0003350311257153127
2021-09-07,-0.005556290724141422,-0.011176692676419048,0.0017490348509852966,-0.003395574405981705
2021-09-08,-0.001824890495353537,0.005131260139077127,-0.0020635119844488823,-0.001318566739775151
2021-09-09,-0.0061103499912327445,-0.010730638656528672,-0.006952287118612886,-0.004605608657393345
2021-09-10,-0.004974088242578355,-0.0034373004992376372,-0.010004380091249567,-0.007722578759925436
2021-09-13,0.006372386161956701,0.005097502648542687,0.004462312060804665,0.0022764876184568905
2021-09-14,-0.006053445070044328,-0.0035081936445436144,-0.0003958942380713583,-0.00574663850657553
2021-09-15,0.009062078734921587,0.002950172638787655,0.006815924658738935,0.008473996979569742
2021-09-16,-0.003475368112930411,-0.004899985461169315,-0.0026845496055900656,-0.0015511404489350067
2021-09-17,-0.01044099141319662,-0.005869091442011626,-0.011860029125492654,-0.009110872450405094
2021-09-20,-0.021317940328027245,-0.009369100499411346,-0.01868302850721464,-0.01697731100841482
2021-09-21,0.002032790863277801,0.0023065248552808434,0.002506148908267741,-0.0008123585165593639
2021-09-22,0.012515656127310282,0.0020676696131277958,0.012938743365104071,0.009519611195260236
2021-09-23,0.013793161934322918,0.004142721413776596,0.006729914526969843,0.012134715784494876
2021-09-24,-0.00019768717591092097,-0.0023257912937531136,-0.0029375848911994667,0.001461009046688222
2021-09-27,0.0009108347279063179,-0.005620519434462239,-0.01383126069338746,-0.0027763826213396126
2021-09-28,-0.014669998948272476,-0.009264083628882737,-0.02419397954405046,-0.020364110556098214
2021-09-29,0.0017629316934792973,0.00744682371708841,0.004575490376894957,0.0015691842194003325
2021-09-30,-0.013405548567856017,-0.014707589994894767,-0.009138339389096807,-0.011909714125195148
2021-10-01,0.011143753045634024,0.0022948868498670633,0.009851770119013292,0.01149147763018199
2021-10-04,-0.011259780558365462,-0.004902709527903145,-0.01970456061544352,-0.012985898136748442
2021-10-05,0.009907124947650003,0.003050564962435962,0.014615800424413137,0.010524514660609219
2021-10-06,0.0043976436346355174,0.007396053991526355,0.011466043193886007,0.004102792854185466
2021-10-07,0.010421593272989216,0.007925140655113069,0.008742337102064212,0.008298280656405366
2021-10-08,-0.00030275070198243487,-0.0006389166140207113,-0.003613098781484149,-0.0019137230947889883
2021-10-11,-0.004205981253972047,0.0004876700963449,-0.0005395632894291218,-0.006865763848056816
2021-10-12,-0.005811516140839923,-0.00560395387007742,-0.004301056906701684,-0.0024167805585421087
2021-10-13,-3.631012672753462e-05,0.003495185169298424,0.004966759841970891,0.00302251448379387
2021-10-14,0.018049553706751122,0.00932698109696069,0.020655580076598398,0.01706310194558336
2021-10-15,0.009663357414709296,0.004464667513700926,0.004932227387152065,0.007460210377712606
2021-10-18,0.001483544400426384,-0.008365676486590375,0.00408929279503871,0.00337476955709759
2021-10-19,0.0087193401382761,0.006011010450719203,0.0016528622827722923,0.007393339551406308
2021-10-20,0.003934860927896134,0.003982070072910655,3.267822655336823e-05,0.0036640298040166996
2021-10-21,0.0006164063969497872,-0.003858627951785999,0.005341784700496365,0.002995871849622578
2021-10-22,0.002780725361823533,0.004745743776502966,0.0006017875676054585,-0.0010725536274130976
2021-10-25,0.005076353515191245,0.0014083843373363285,0.0017645148893288486,0.004748196569493546
2021-10-26,0.011434277871767476,0.00870133159062659,0.017091009580831946,0.0018197952535197182
2021-10-27,-0.002771716454193119,-0.0012216695803125976,0.008084241671365682,-0.005051568068462853
2021-10-28,0.01150588801413527,0.003624807334424388,0.012146362421078492,0.009829281576461124
2021-10-29,0.003739825784485229,0.0023304785148718435,0.006444357924674871,0.001949334719149265
2021-11-01,0.0002668834625350615,-0.0016778284864039956,-0.0027051605186411707,0.0018000771431341267
2021-11-02,0.006751750450157224,0.007309844260370151,0.011449238442612876,0.0036803630854131963
2021-11-03,8.895435656750531e-05,0.0015602542529778768,0.006402628119891321,0.006461279195357994
2021-11-04,0.01320798878896171,0.002059286802878818,0.01936286899143759,0.004181942361150437
2021-11-05,0.0012031495764862846,0.00038935757612012107,0.00180820054352437,0.003732799652949259
2021-11-08,0.007065737897092517,-0.004505842708844924,0.002350640564701447,0.0008877879113036169
2021-11-09,-0.0014700651478181113,0.0013271397597936134,-0.0001068654209522718,-0.003498775895770745
2021-11-10,-0.009003776720846802,0.005852820794466546,-0.012169628227860326,-0.008225823395229703
2021-11-11,0.0034550555473827683,-0.0029018063444580904,0.005133831093922879,0.0005509400447352153
2021-11-12,0.004305843767627715,0.004097458831571104,0.007804375464652446,0.007222656026415475
2021-11-15,-0.0021790700307263047,-0.0010793769415854892,-0.0005948862886775941,-1.0739820344718431e-05
2021-11-16,0.005832557927192228,0.00014337432504145964,0.005170534479485077,0.003865229864862485
2021-11-17,-0.0038201123753646374,-0.0006602318369542124,-0.00037315527540203724,-0.002601625374463401
2021-11-18,0.010383276129767837,-0.0025064662300408164,0.021124679901882326,0.0033847802152713324
2021-11-19,0.0002500645192985769,-0.002211980482360063,0.011275377906262143,-0.001398665559303236
2021-11-22,0.0006935073961801374,0.0004372882146867009,-0.00461833307753053,-0.0031971365563219223
2021-11-23,0.0078009629462229575,0.008345628222227196,0.0011404623412059516,0.001657132912945114
2021-11-24,0.003245646248047507,-0.003596535468867632,0.003702583545855002,0.0022938506357221833
2021-11-26,-0.0265403285638286,-0.016436730089964505,-0.022981363514132075,-0.022724822637582465
2021-11-29,0.012951330555622998,0.009204505450011167,0.02363559403705533,0.013200199537034996
2021-11-30,-0.016430019806154585,-0.026838432307942157,-0.00944509695061366,-0.01896131033450521
2021-12-01,-0.003191151126620906,0.007141009438019828,-0.0030186124749944474,-0.011815187417889228
2021-12-02,0.012048786500793473,0.00653413397819245,0.002927953788900828,0.01419443613158311
2021-12-03,-0.005401792519374161,0.011957314898511049,-0.010052296797660242,-0.008448563730297565
2021-12-06,0.013313153640084906,0.02038220158200959,0.009836107195853108,0.011730872577451423
2021-12-07,0.01905456264346296,0.0024342499982482053,0.0277930943019429,0.020707080374404274
2021-12-08,-0.0010788069862681107,0.0014832079659786333,0.004410499139760379,0.0030852853123166657
2021-12-09,-0.003681342905996821,0.003988922277073414,-0.006784877411584091,-0.007181080169894716
2021-12-10,0.009313386569026605,0.011456486084490718,0.0183500047277247,0.009549073338481762
2021-12-13,-0.010800730873826247,0.014051982304729687,-0.01354272750399843,-0.009136167611567658
2021-12-14,-0.001842710197734133,0.004008568903576932,-0.009768293934385545,-0.0074706775774360246
2021-12-15,0.014255163105759073,0.004908488894702872,0.024991409133299565,0.016348464630746795
2021-12-16,-0.008633349889151423,0.00913980125808355,-0.024256086483000164,-0.008743415379980468
2021-12-17,-0.019328034294680586,-0.022580475815124193,-0.012508562373529094,-0.010287680637092622
2021-12-20,-0.008486009782057302,-0.0018759887012423375,-0.005360828900262164,-0.01138805785140995
2021-12-21,0.014516598485356011,0.0012888769388918863,0.018695266300216288,0.017777934551572505
2021-12-22,0.011045664144212175,0.007839330802131478,0.013882300612385004,0.010180197220578835
2021-12-23,0.005148230226225237,0.002915717554520338,0.00492537664709915,0.006223699921661829
2021-12-27,0.01562282626997309,0.009871124331222413,0.02267385698020599,0.01383893524747526
2021-12-28,-0.0009866408164209584,0.0041246656095752015,-0.0038170522046419883,-0.0010101548486260992
2021-12-29,0.0014042622506781678,0.005469356880079949,0.0016872593017373462,0.0014018951394270118
2021-12-30,-0.0049816537309101405,-0.00255732183746019,-0.008575061085443087,-0.0029897555945093135
2021-12-31,0.0008134250295313896,0.002442019262397209,-0.0029135459998229922,-0.0026261799136575448
2022-01-03,0.009005608014963373,0.0004153764558422526,0.007219576164100982,0.006374052530970564
2022-01-04,0.009941318007395651,0.007810986317373507,-0.011222301223150178,-0.000629621957060511
2022-01-05,-0.011481791164633427,0.005145646164136707,-0.025285073544052454,-0.019392757790687165
2022-01-06,0.0019809220902138104,-0.004295262389071271,-0.006050452381844255,-0.0009637690162076495
2022-01-07,-0.0022821658108587053,0.0017093090407939268,-0.004549137499254535,-0.004050216740091761
2022-01-10,-0.004245778106601849,-0.006687018865040964,-0.0029698486903891414,-0.0014410312534549607
2022-01-11,0.004579083789205118,-0.005169209868126397,0.0059103781633508545,0.009159984668711818
2022-01-12,0.0035654286801700906,-0.0007916282796741718,0.004427558052666144,0.002817754443029452
2022-01-13,-0.011080404362417428,-0.002290876932562371,-0.023647293859216538,-0.0142436152864307
2022-01-14,-0.0025236548053829025,0.001543451074713983,0.00930211605354872,0.0008199802697488323
2022-01-18,-0.014868527468196823,-0.009909576064126306,-0.02421408844626592,-0.018387945694007368
2022-01-19,-0.008416195015045225,0.006966074067752981,-0.007242158715776488,-0.009689541868338813
2022-01-20,-0.01164550142600057,-0.004467661598714925,-0.013963133148267366,-0.01103737849414832
2022-01-21,-0.011235884330141988,-0.00196199630317205,-0.013700547096114114,-0.018914821867908604
2022-01-24,0.0019403590525950087,-0.004903085789943355,-0.003323254396540074,0.002771738943381896
2022-01-25,-0.004053549235087195,0.004455063281811987,-0.021598296113211103,-0.012171906253646725
2022-01-26,0.003459727197482631,-0.002847146563052336,0.004568427519810652,-0.0014966358477518371
2022-01-27,-0.002570290034346323,0.005922767003812955,-0.009835512246053432,-0.00538408875771057
2022-01-28,0.016183270898158686,0.012124288861981773,0.03542408429551169,0.024347646888076113
2022-01-31,0.013820411770269526,0.002555304894961921,0.029887104082504754,0.018885951732779516
2022-02-01,0.008287477289982106,-0.002851606334842696,0.0006914095878437658,0.00686300355780145
2022-02-02,0.008702645596543058,0.012221344840159267,0.015663774911881555,0.00942251544733641
2022-02-03,-0.015551746293129396,0.0016467986987284832,-0.020572436484247236,-0.024391082077444004
2022-02-04,0.0019101847728905102,-0.00996328777177223,-0.0004614743012987421,0.0051569298644233985
2022-02-07,0.0011996115400687124,-0.0005989260946833717,0.00093617146569111,-0.0037017126347429485
2022-02-08,0.006552358422507632,0.002384212970536422,0.010527988968013966,0.008401207191663262
2022-02-09,0.009379232759084888,-0.0037178506512781408,0.022466409473716822,0.014517207887505545
2022-02-10,-0.014853105177489613,-0.009478004183621125,-0.02333148618015245,-0.01811572566845976
2022-02-11,-0.01609176845294773,-0.010018821395457742,-0.03122614873254653,-0.01896945434456343
2022-02-14,-0.0016374891600420608,-0.0016601179225498295,0.005045849309332222,-0.0038405967262932217
2022-02-15,0.01726678278237506,0.005165320639418873,0.03629831642994251,0.01576672117072042
2022-02-16,0.0003456785183737707,0.0015885266427612058,0.0019228270792394644,0.0008812077558950637
2022-02-17,-0.017516475942849434,0.004517276766843474,-0.02884572455903139,-0.021173138152195015
2022-02-18,-0.008157481335765594,-0.002527774024755751,-0.014316453951644102,-0.0071661613961429005
2022-02-22,-0.016503693550225663,-0.01570330115847471,-0.013468095927858506,-0.010142945264832837
2022-02-23,-0.01827405142404731,-0.009145524354689244,-0.026853024657385864,-0.018412122845487655
2022-02-24,0.00294421151116292,-0.017397134385671954,0.01742079794172605,0.014956856067329216
2022-02-25,0.024478625393254183,0.03963982885356768,0.0229510182698216,0.022372677655603468
2022-02-28,-0.005117370441018887,-0.009300308311469418,-0.0008107031847445378,-0.002442603440647617
2022-03-01,-0.012556070525726147,-0.006781134932035673,-0.02108452855989527,-0.015473503680411893
2022-03-02,0.020681391401415474,0.010445349789995097,0.019900556650362597,0.018642691757321028
2022-03-03,-0.001639439340322624,0.005503233205729915,-0.006093795190386997,-0.005254666430088317
2022-03-04,-0.004575028349444998,0.004496450614914499,-0.014687741289074954,-0.007934042550334475
2022-03-07,-0.015494948996152403,-0.005226031414583693,-0.033969094275180044,-0.029518158313449172
2022-03-08,-0.006506366151452492,-0.02748710172146199,-0.011191587873279228,-0.00723375351819977
2022-03-09,0.016263758860455415,0.006047749120126649,0.037746843503011,0.02569824789143582
2022-03-10,-0.006391583582537952,-0.011094586988436071,-0.020606589933538446,-0.004291813651667864
2022-03-11,-0.00978085735743545,-0.004582493231941014,-0.0185405374922202,-0.012961545123475138
2022-03-14,-0.004740212528633348,0.011209525983939674,-0.015050168598821564,-0.007421002465963666
2022-03-15,0.022334773734259218,0.02443831458533347,0.04526155750860575,0.021408574170870942
2022-03-16,0.01516382804345978,-0.0033906282586094604,0.028820938438705833,0.02238376135718223
2022-03-17,0.012886472707285669,0.01028448961443801,0.007541603505963204,0.01234781757145198
2022-03-18,0.010040886800309103,-0.00224860582438317,0.027425202609994065,0.011662294827948783
2022-03-21,0.005334349385495795,0.004529429450219284,0.006787089100848405,-0.00043466036210393355
2022-03-22,0.00494429187092398,0.0021520625937457064,0.006828295716735392,0.0113041136006502
2022-03-23,-0.01027116942809343,-0.006828539457146594,-0.010972249187356111,-0.012272698789159042
2022-03-24,0.015840243767686637,0.004873610186116284,0.037476691261570064,0.01434391292056647
2022-03-25,0.003586745793772329,0.008429954585315279,-0.0003394997861598294,0.005066170567449069
2022-03-28,0.003491409424970737,0.005050977769809345,0.01027918995140058,0.007144955276586762
2022-03-29,0.006756699491528518,0.004861333453221876,0.01419079356173792,0.012256547427530462
2022-03-30,-0.004824520926747089,-0.0001044704285278698,-0.014391947441237323,-0.0062937001746978805
2022-03-31,-0.015185974758364319,-0.010800791340206808,-0.014056918165445182,-0.015652540713177343
2022-04-01,0.0009154491904512784,0.010024909808593387,-0.002593350916107162,0.0034102225843584133
2022-04-04,0.00663454335200485,-0.0046046084860891364,0.013637662289350008,0.008090938687879357
2022-04-05,-0.011616811896891567,0.0013592728515375856,-0.02181663254466639,-0.012551720801807331
2022-04-06,-0.008604247347598182,0.013122314897004349,-0.020874236826763388,-0.009716916613271898
2022-04-07,0.004200950214448484,0.005945520407607244,0.0023927059134213635,0.004253385628492534
2022-04-08,0.0016641498872377977,0.0068316327352431734,-0.014907026144372566,-0.002651026482054286
2022-04-11,-0.019031010243999214,-0.008151244470620054,-0.024827730242127824,-0.01687729010355421
2022-04-12,0.00020391054501071035,0.002979909631789729,-0.002758441803294729,-0.003417447717741773
2022-04-13,0.008087953571939623,0.004831176104931758,0.016207001619457834,0.011174577597236057
2022-04-14,-0.007776155437022526,-0.0013143937536953044,-0.019247263702288988,-0.01214413784439794
2022-04-18,0.0016797494391437408,-0.008652342264873781,0.004996381351619973,-0.0002048682840329885
2022-04-19,0.015226288084565288,0.017763119315366224,0.015413113592104736,0.016057604355527166
2022-04-20,0.005735541322238647,0.014366393974867022,-0.0007391327198936727,-0.0006184750715809706
2022-04-21,-0.012873568739538443,-0.002147528064453417,-0.020829757572579162,-0.014752948498371943
2022-04-22,-0.026692894220211715,-0.015203749260865923,-0.027102158741310608,-0.027740054250753654
2022-04-25,0.007815574222950006,0.012244888933012949,0.010613835103180924,0.005697936985382235
2022-04-26,-0.024341432381264225,-0.013736803305498153,-0.03596502750551933,-0.028146308431003852
2022-04-27,0.005639070586867612,-0.00057901527206307,-0.0055064717242381545,0.0020980468517017847
2022-04-28,0.025715422817629886,0.01586175458079158,0.04280638997719769,0.02474690007293945
2022-04-29,-0.029858471355402157,-0.020044352679579904,-0.03592349275868291,-0.036284507106413955
2022-05-02,0.009033900167468635,-0.009105035314463482,0.013095097319455429,0.005675242812353654
2022-05-03,0.002514385905132865,-0.005095050396226231,0.0005079113177134328,0.004837126381486367
2022-05-04,0.030525073465057423,0.018996831503734747,0.029862556530565614,0.02986242108440229
2022-05-05,-0.03395383912431709,-0.019291391344514453,-0.04711858297855256,-0.035649708609806985
2022-05-06,-0.0010667262867987692,0.002707210353589364,0.0011690918354747937,-0.0056742248424840325
2022-05-09,-0.02851608845456981,-0.005042967943449373,-0.042144179963516035,-0.03203710063235676
2022-05-10,0.00033497233773079874,-0.005077546466379754,0.013099439452768182,0.0024578974498534745
2022-05-11,-0.015742969321566082,-0.006330013428859298,-0.035165692828995426,-0.01646320750393837
2022-05-12,-0.004843167903366219,0.002548497936185741,-0.01849501338955744,-0.0012959645058717717
2022-05-13,0.02397591923350275,0.009345965686764676,0.04188448835835554,0.02386969542307149
2022-05-16,0.0016603899491013038,0.007182359544075117,-0.006408751326065931,-0.003946400929555671
2022-05-17,0.018837596855814966,0.003141943145067695,0.02534664872971313,0.020169632234863677
2022-05-18,-0.04301520481630198,-0.04659268672900989,-0.05869500062486796,-0.04039526078745259
2022-05-19,-0.007492874952175177,-0.014363173998448362,-0.011637313829505693,-0.005833781800992588
2022-05-20,-0.003672755125052907,0.007514604571116984,-0.010871310146654916,0.00014614176965843662
2022-05-23,0.027053815916624244,0.023563762272099713,0.02579394599151167,0.018555039930923556
2022-05-24,0.0013479188516315583,0.01333723942447199,-0.012852178220212717,-0.008120797617175213
2022-05-25,0.010222135168535797,-0.0049880422311252585,0.012373582845722793,0.009450764734207695
2022-05-26,0.01690022764806153,0.006340300328935621,0.026759683200173415,0.019883256167224195
2022-05-27,0.021453555558793094,0.01206920683101772,0.03483500654359211,0.02474226295510973
2022-05-31,-0.008554302213473775,-0.010972877465693006,-0.006173758919210297,-0.006274368617659065
2022-06-01,-0.005045330080621535,-0.008232643299138495,-0.009723418464029153,-0.007482768681131846
2022-06-02,0.01669918232184744,0.007084649452557132,0.030220703563518192,0.018431018038486124
2022-06-03,-0.011348575506375125,-0.00671413508905722,-0.026405208147753375,-0.016347313992415624
2022-06-06,-0.0008010266577481608,-0.0016452506135756749,0.0017592358307939597,0.003137400778913113
2022-06-07,0.012417514867569014,0.010717812716224321,0.01236446924726796,0.009523393173235029
2022-06-08,-0.005755766224420168,-0.0067377969256412155,-0.008484776872849832,-0.010793945785935621
2022-06-09,-0.02059062741861614,-0.01818800723819355,-0.028480654679488793,-0.02379869397635359
2022-06-10,-0.02970929678055881,-0.010099396052186153,-0.034229596295454856,-0.029110303335524668
2022-06-13,-0.0332129356605328,-0.017155925027429807,-0.04665672522079742,-0.038768430665237275
2022-06-14,-0.0076808986182904,-0.020876641118780064,-0.00394645761850427,-0.0037736797459957394
2022-06-15,0.010138500441332798,0.0022533314995542572,0.01585776980953672,0.014592504858983224
2022-06-16,-0.02569366124443291,-0.0065266450025871035,-0.032110113915284955,-0.03251195148816344
2022-06-17,-0.0046607077150438775,-0.004685351757953833,0.005638935119541227,0.002200865698254617
2022-06-21,0.02738876986016181,0.024355173888327336,0.03382214194524464,0.024477242280086964
2022-06-22,-0.006934284433595462,0.0074981720299504276,-0.004309986233314952,-0.0013015723144006452
2022-06-23,0.003171126974575267,0.016219156742177124,0.00762700559041978,0.009532217409177868
2022-06-24,0.02773616702727857,0.01784877300783222,0.03206535662677797,0.03056329358583576
2022-06-27,-0.0009394234109835198,-0.0017398006821050405,-0.005716918431576771,-0.0029730715337762392
2022-06-28,-0.019107004680111717,-0.017893894052620707,-0.02971279678406603,-0.020143036075892073
2022-06-29,-0.003196519744269589,0.003229294039521112,-0.0036109842890422123,-0.0007117454091590814
2022-06-30,-0.011459784341598223,0.0021912796638901212,-0.011888907580760796,-0.008759278267998716
2022-07-01,0.008573896497595568,0.015787883729798724,-0.00304156881534648,0.010553814029047315
2022-07-05,-0.0016376364117423714,-0.01019875995487653,0.009390732127327682,0.0015841285142366157
2022-07-06,0.0012370163929064204,0.002783931798271718,0.008222106515725637,0.0035731642904301975
2022-07-07,0.018769025521905226,0.002890083466470379,0.025910947556251864,0.014964587965241805
2022-07-08,-0.001241344425683666,-0.0017193213448439193,-0.001585676595699379,-0.000830271529819071
2022-07-11,-0.01068697046031213,-0.000298501636184346,-0.018267235621944305,-0.011527461422777274
2022-07-12,-0.008570788082582437,-0.00969507384721552,-0.00403460876703019,-0.009243878717321574
2022-07-13,-0.0002928135430667389,0.00040476742280462204,0.00035987546990447347,-0.0044569025122100925
2022-07-14,-0.0034778679096289624,-0.00288238835424163,0.008830502725804561,-0.00299863390215227
2022-07-15,0.01585321889675617,0.007699252430575724,0.016369613626447125,0.01920124935943668
2022-07-18,-0.004592741890974551,-0.012833749086011039,-0.0058230213346410886,-0.008363571580831342
2022-07-19,0.022252504315044008,0.005443221117140771,0.02386931574309143,0.02762829164595959
2022-07-20,0.005429137039827603,-0.009512624053971613,0.016380240028533558,0.005895806193263242
2022-07-21,0.004543530266348262,0.0010407951950174685,0.009226149192372926,0.00986137270919718
2022-07-22,-0.006143799937144134,0.005880670340858373,-0.013463639587747734,-0.00933246697634671
2022-07-25,0.0041927287656131846,0.007139315575797158,-0.004485231210479882,0.0013151670479691902
2022-07-26,-0.008775833089227737,0.004412626091747693,-0.00922279251486924,-0.01154320266205866
2022-07-27,0.024300631786566808,0.005046949828666887,0.03425698466189331,0.026156273782937722
2022-07-28,0.010641460757163903,0.012631874856466016,0.007845805613124457,0.012133338697180918
2022-07-29,0.011105696458032291,-0.011915295454833537,0.014967650127945657,0.014207760082581844
2022-08-01,-0.0006017811202989164,0.007311559505917068,0.0014426531868008362,-0.0028230841271976725
2022-08-02,-0.013701315647599866,-0.011398531956331618,-0.006078413056365646,-0.006662395550704803
2022-08-03,0.011399964600395383,0.01000221773941728,0.019621774053113453,0.015638477163140152
2022-08-04,-0.004850144353558905,-0.007538640751052834,-0.0010624521155712635,-0.0007773401640558397
2022-08-05,0.0038656529714672155,-0.0006309480604306134,-0.00421189794889864,-0.0016257460597355333
2022-08-08,-0.007992840806256674,-0.0014606008257031936,-0.020913256728089854,-0.0012375507238541195
2022-08-09,-0.00265963512040055,-0.0004174647251547329,-0.011262313409353165,-0.004248692893594086
2022-08-10,0.02131778325638014,0.009240135915415058,0.02831678525605871,0.021290637641290244
2022-08-11,0.00031065325112085174,-0.007993068987584487,-0.00812787034314832,-0.0007054739583503
2022-08-12,0.014091582849380403,0.0035713893664494237,0.017770958706001812,0.017322368774566943
2022-08-15,0.003858601749866919,0.0072862078745907066,0.008339213277022875,0.0039695418998517695
2022-08-16,0.0063637415762409335,0.009200309830028178,0.00023667239459362687,0.0018756797165810912
2022-08-17,-0.00428356510549327,-0.002297800610288434,-0.00629059705610312,-0.007237794954094601
2022-08-18,0.004306236305792755,0.002092685646218795,0.006531415418058929,0.002269561170191503
2022-08-19,-0.011273161968904311,0.002822573328911024,-0.015767355740657043,-0.012900001139847905
2022-08-22,-0.018435922706339515,-0.00840558616006355,-0.022843618096157686,-0.0214000649197158
2022-08-23,0.0018975965559540732,-0.0055938573995782575,0.001586404187190691,-0.0022378626777133093
2022-08-24,-0.0007564753547920966,-0.002460640015913686,-0.00020377175664533972,0.0029161604463010526
2022-08-25,0.013814732911064765,0.0057804120667410966,0.020274184530470626,0.014091605518061545
2022-08-26,-0.03509454835259589,-0.02285563278018947,-0.046832075200951055,-0.03368805871951874
2022-08-29,-0.005670898130778724,-0.004556797172919932,-0.014200979201969952,-0.006666355799502699
2022-08-30,-0.01422846635071121,-0.010139735318149014,-0.014756005490253259,-0.011028155571448206
2022-08-31,-0.010518259007870357,-0.010013984899142325,-0.01371751041185517,-0.007817025105971265
2022-09-01,-0.004048515679728904,0.01145281636971694,-0.015563088665380833,0.0029962320243361873
2022-09-02,-0.010077842231761282,-0.013558570137292985,-0.015237249339775358,-0.010736500458081055
2022-09-06,-0.005594247544017917,-0.0033671382904096846,-0.006399064000621246,-0.004095056983834944
2022-09-07,0.012515445518635192,0.011838447553502529,0.010618688964626984,0.018341016392734
2022-09-08,0.007078275020857294,0.0035722695774683725,0.006058742529980864,0.006610721877456038
2022-09-09,0.014632317044930676,0.00907276397050082,0.017313227091762633,0.015271449816332883
2022-09-12,0.00968542849954105,0.004199694295284003,0.015288438135795038,0.0105842727693497
2022-09-13,-0.04536406367128186,-0.02917455361485855,-0.056981583478147524,-0.0432366134006168
2022-09-14,0.005691141783241794,0.00905207135966377,0.009359923046779852,0.0033870120853238816
2022-09-15,-0.01230436775328637,-0.0080069802544117,-0.011600466391750518,-0.011317739184353415
2022-09-16,0.00047626507778655294,0.005464594252005537,0.005967018447399314,-0.007182134089448455
2022-09-19,0.007566233763006126,0.00031610272152358997,0.010343686506724011,0.006857100716286535
2022-09-20,-0.009390839461528412,-0.006612690367984533,-0.003390625285778655,-0.011272103097361819
2022-09-21,-0.014808854797446692,-0.012249486594309869,-0.009482977940263121,-0.017116493600784488
2022-09-22,-0.006437280630181252,0.004978315584740191,-0.01345191315166044,-0.00842758097968943
2022-09-23,-0.014605873802138084,-0.007358186711679402,-0.008485311873081013,-0.017232619015461026
2022-09-26,-0.010847196546975102,-0.006665644496789064,-0.009201467480160408,-0.010340526208282075
2022-09-27,-0.0021539588222401207,-0.014532235272140575,0.004318049312276054,-0.0021203598092424114
2022-09-28,0.019193237822487264,0.011191301359270215,0.009117838824959562,0.019672139926234733
2022-09-29,-0.019122897666445975,-0.014097259797852004,-0.03141008719890326,-0.021126437880238824
2022-09-30,-0.014254936359306284,-0.012208326448145117,-0.014773977057123062,-0.015066695771983274
2022-10-03,0.027871779877685247,0.014444221759893959,0.02266517719269216,0.025883894952576147
2022-10-04,0.029422228854103217,0.014722984192911629,0.031082359309803912,0.030583700679551518
2022-10-05,0.0009128680253044139,-0.0038205106528137293,0.0013049159256775297,-0.002017948757084831
2022-10-06,-0.007067393301939851,-0.015874219577170237,-0.00912486292910866,-0.010245080846639998
2022-10-07,-0.026334504662535122,-0.013509026243576092,-0.039382097534516644,-0.028003617786773516
2022-10-10,-0.008881447900190088,-0.0026776429566672025,-0.009675604713110778,-0.00749246363390188
2022-10-11,-0.0044078961066086,0.005438277195464036,-0.00367341415246868,-0.006519175777754405
2022-10-12,0.0013760771465863295,0.003224488707672712,-0.0019106467212380393,-0.0032907731480149582
2022-10-13,0.027374419369811137,0.016190486910052603,0.031273842558235065,0.02596564246086497
2022-10-14,-0.02069460433581728,-0.01208615873826791,-0.03083782972932959,-0.02366266361565439
2022-10-17,0.025971501113813213,0.015251330943619084,0.028209064545843175,0.026480052302171098
2022-10-18,0.009444360451172763,0.006029953822017424,0.003971792028287587,0.011427569666488724
2022-10-19,-0.0026700788326826435,-0.0010783589023401461,0.007748802109988241,-0.0066720972934503076
2022-10-20,-0.006363796918195864,-0.008613588664213478,0.002524897032851531,-0.007950909706564868
2022-10-21,0.027923701133413203,0.019305402896799377,0.022645940436157162,0.02372481982226482
2022-10-24,0.01369797348534807,0.0148837008640686,0.011563954133317827,0.011881976654619875
2022-10-25,0.015865963441224363,0.010421279019303866,0.015158301152379003,0.016266654579669915
2022-10-26,-0.00671330263713058,0.006530491583498798,-0.006850213377165831,-0.007387716072364547
2022-10-27,0.006316977565535942,0.004413228257894157,-0.003273650666112021,-0.006082610618211248
2022-10-28,0.032774150181420096,0.022153537509789493,0.04448983078787889,0.024626377895927698
2022-10-31,-0.010197900042063224,-0.007534659302351817,-0.010816829557235638,-0.00745440410765752
2022-11-01,-0.00010538533066094538,-0.0012314971637922658,-0.0030444936528281276,-0.004101230608784645
2022-11-02,-0.021290737186424782,-0.01587051034127303,-0.025169590832862906,-0.02500198485734284
2022-11-03,-0.00469911330177093,-0.0013610774690523881,-0.005462421608110202,-0.010585992315429671
2022-11-04,0.02034279840280775,0.011993932581660099,0.015194245433566522,0.013618724670070526
2022-11-07,0.011379401036275574,0.01021753761851336,0.00842815473339544,0.009613981920559844
2022-11-08,0.005072595826205406,0.0032322213893329304,0.0077706585778524245,0.005597892802462701
2022-11-09,-0.02245467475094387,-0.010874688986032588,-0.03574534419943384,-0.02077788695478977
2022-11-10,0.0570088258738573,0.02950430731085392,0.06438868463285682,0.05543448436034493
2022-11-11,0.010934650188158347,-0.00438268931319594,0.015321944881251978,0.009240746788147902
2022-11-14,-0.006055705386131549,0.0012940653065785673,0.0009574834989806571,-0.008935777048800997
2022-11-15,0.0041753558269162945,8.030515521034634e-05,0.010896354726405955,0.008713116550319144
2022-11-16,-0.004761221081797174,0.003388107627120104,-0.013820343865000091,-0.008252046497990273
2022-11-17,-0.001937462777332955,0.0006851842025061201,0.002823141286089924,-0.0030893228355314273
2022-11-18,0.0022620938646450207,0.007526332306912562,-0.0031676992509187883,0.00475858190881473
2022-11-21,0.0007887875254890429,0.009011962532220946,-0.009257451423914124,-0.003883688698329779
2022-11-22,0.01831889676146752,0.00890540462443732,0.023288827135599145,0.013579987927526016
2022-11-23,0.005145521033517653,0.0025681354977499056,0.007258183178373485,0.0059146891478476515
2022-11-25,-0.002254777041572509,0.0011866651831038517,-0.009800268083754183,-0.0002830441976333642
2022-11-28,-0.016158824375933058,-0.0037119847545069046,-0.021548912718047132,-0.015444192913123267
2022-11-29,-0.0031127469211183144,-0.00482040101302421,-0.008745551135556206,-0.0015918653377758885
2022-11-30,0.031024980429435915,0.019875187956172952,0.03684190131615945,0.030947872397389053
2022-12-01,0.0007816528334481322,0.0020228101537439537,0.0029534176687915086,-0.0008676332180498347
2022-12-02,-0.0010247530922846138,0.004796547290515044,-0.006351875927625552,-0.001194660488065602
2022-12-05,-0.016160475508402994,-0.009939544500090594,-0.013109996198688871,-0.017894212283564803
2022-12-06,-0.015011103956461536,-0.00736777027315428,-0.026361344669935508,-0.014399194981406072
2022-12-07,0.0014188156213455704,0.004344216451502461,-0.0015563747697714212,-0.0018623708845491027
2022-12-08,0.013991603401026455,0.004726323426278103,0.01981979783071409,0.00752178195750397
2022-12-09,-0.00833112542772001,-0.00753985964118912,-0.007184584249468089,-0.007349578247904498
2022-12-12,0.020098281152362698,0.01375129460924059,0.020838463455097364,0.014279296218109305
2022-12-13,0.009674190047756593,0.0038582363253777305,0.013273270676954822,0.0072896644387934195
2022-12-14,-0.004441070336688102,0.0014867275906578952,-0.010712709402664037,-0.006052724634100337
2022-12-15,-0.02254908777090898,-0.013110886499224227,-0.02826079410690124,-0.024921675023714007
2022-12-16,-0.009211300749769913,-0.006563236580579669,-0.013374530203817585,-0.011137750774080746
2022-12-19,-0.006227012777926866,-0.0008768843343219193,-0.008015114384174224,-0.009007516001852345
2022-12-20,0.0019093548220705532,0.0014352727414023226,0.0015831902588467415,0.0010373383615349674
2022-12-21,0.01637185508187,0.012879887091058277,0.018664784293633156,0.014867993802734736
2022-12-22,-0.018728701201706638,-0.004939677526182252,-0.02857514840042151,-0.01445169956861636
2022-12-23,0.005299932715776446,0.005723771840928184,0.00473159804070044,0.005868102525282026
2022-12-27,-0.004449904570206409,0.00535073712257825,-0.016173312373648354,-0.004049622110409712
2022-12-28,-0.011257219651024108,-0.009961740021058233,-0.015764691225243148,-0.012020638322615351
2022-12-29,0.014311978653219003,0.005868813284338501,0.020413744252543196,0.01746133164481911
2022-12-30,-0.0019093141824336967,-0.0049656496904896315,0.002403038502561495,-0.0025407424823445934
2023-01-03,-0.008989192326260111,-0.002156285760390941,-0.022731281936132088,-0.004000548879248611
2023-01-04,0.004636340073440703,0.004964603416069414,0.012874373312942734,0.007538970575044379
2023-01-05,-0.009994564179254662,-0.00858395062731646,-0.006133838602415126,-0.011645528874622113
2023-01-06,0.02148952236556656,0.017148739509445437,0.025071656382995612,0.02284078102943865
2023-01-09,-0.0015894638114876906,-0.015741522920408504,0.0019394241401126005,-0.0007676325452631305
2023-01-10,0.006754447775873118,-0.000841035762270687,0.008631570829123246,0.006978233159061986
2023-01-11,0.009154726248783463,-0.0015775199416944157,0.004328582090231766,0.012849424614881588
2023-01-12,0.0054882602429536026,-0.004758574905761546,0.016713614889629674,0.0034159058663651987
2023-01-13,0.008606696443451757,0.00269859815380406,0.009801773739466946,0.003996858363534361
2023-01-17,0.001891956740877709,-0.002434571920784175,0.010960636285890866,-0.0020304911890052235
2023-01-18,-0.019054362827393888,-0.022768863161330137,-0.018333023931978415,-0.015562598500411085
2023-01-19,-0.014504804884629952,-0.009039932485566293,-0.015500519254698628,-0.007638350296294338
2023-01-20,0.01743073814834041,0.003731981783435309,0.02748231141422375,0.018918401045981525
2023-01-23,0.012024943722398875,-0.003914248225734366,0.022203831060443338,0.01188134498366522
2023-01-24,0.006670423344708576,0.0045268406967580565,0.008216494375978697,-0.0007115031258156934
2023-01-25,0.000653815522509338,0.003273754718437893,0.000854403939231982,-0.0001817250594663422
2023-01-26,0.011039390719231436,1.4292250661420344e-05,0.02103033742059717,0.011007853469181317
2023-01-27,0.003206347610974114,-0.00426242303809422,0.0043306884368658,0.002494840970949097
2023-01-30,-0.01779753784926357,-0.011440943837711406,-0.029372210107444025,-0.012968740984683369
2023-01-31,0.010321920220986935,0.009753964451551597,0.006841336389011955,0.014642470285510134
2023-02-01,0.010243406159214851,0.003975100153397341,0.017870165809059518,0.010452303944590291
2023-02-02,0.00811589193940021,-0.006573057856646771,-0.0019316948560438986,0.014699373244309921
2023-02-03,-0.0027578405679628995,-0.002843911508236895,-0.004474959987374849,-0.010354610691310495
2023-02-06,-0.002273192060098884,-0.003178652101172702,0.0006721914259132329,-0.006140463017754394
2023-02-07,0.012287165416462855,-0.0019169977628043962,0.021341033482737862,0.01287251059802652
2023-02-08,-0.006666672566877474,-0.005378072941437222,-0.0034632920420401944,-0.011080724476164705
2023-02-09,-0.007730847064923751,-0.008554005131119261,-0.001868541424859069,-0.00882979617773516
2023-02-10,0.002131530410283667,0.006947093500284979,0.00016949527001827657,0.0021952617756952897
2023-02-13,0.013885215324448264,0.010121910255133372,0.00827143715200992,0.011448609342766147
2023-02-14,-0.0011798480083566323,-0.009149538207287644,0.008803800945363148,-0.0002804145319874607
2023-02-15,0.0004166248683574405,-0.004990234039634904,-0.002178624293693991,0.002773175690496066
2023-02-16,-0.01206719720730477,-0.008295245972920867,-0.01468680088235957,-0.013788741489130674
2023-02-17,-0.0034632953424955535,0.013872769274025594,-0.013932916993144685,-0.002767405825327751
2023-02-21,-0.022129496232252324,-0.00970192379024614,-0.018240116945418296,-0.020041234255327334
2023-02-22,-0.0020691909068786597,0.00047264620000547015,-0.004442521088807969,-0.0015735561458868341
2023-02-23,0.018240698229313783,0.00043276973556211355,0.04442811841862025,0.005329429416074394
2023-02-24,-0.008394553613302193,-0.006836377814127093,-0.008145715168832598,-0.010537551485558128
2023-02-27,0.0038739716443504826,-0.0005796001620523287,0.005181070538076813,0.0030730045671669703
2023-02-28,-0.004771908084774335,-0.009712151209057837,-0.008526611204725755,-0.0030360018281855305
2023-03-01,-0.004186827565197938,-0.002807226849267027,0.003094078650239703,-0.004725264845680033
2023-03-02,0.009723596617841068,0.00971580680597994,0.01368878525778867,0.0075821940867943916
2023-03-03,0.015130093403276666,0.006019196186967318,0.015457523624607103,0.0161477371607488
2023-03-06,0.0028888662417310583,0.0061451909397422485,-0.00189424789436698,0.0006871667698291617
2023-03-07,-0.017612824754378264,-0.013548114066021239,-0.018050945169122336,-0.015326919115337678
2023-03-08,0.003820469829206075,-0.0022243748929828924,0.008564209451362116,0.0014147940136839399
2023-03-09,-0.018444718913406113,-0.010147252152004727,-0.019806411672511962,-0.01845935787384867
2023-03-10,-0.009671412675787984,-0.002152401840975958,-0.020608459241513073,-0.01447813845705137
2023-03-13,0.002246792362213046,0.006685103835961748,-0.0035627045357294936,-0.001509761003189447
2023-03-14,0.014101878544831241,0.006815415501386209,0.018065396680422206,0.016476655480623936
2023-03-15,-0.007492972239867902,0.002810858848292264,-0.018147829637185236,-0.00698088356543769
2023-03-16,0.014030284895730797,0.0030625294773124964,0.016359076002081228,0.017562006217166637
2023-03-17,-0.006232013215430632,-0.005408912177606729,-0.005924927088351723,-0.011019457310067593
2023-03-20,0.00958656788541037,0.01255570154109661,0.017101814846521263,0.008918403718310097
2023-03-21,0.011046185073295033,0.0002041628377134202,0.019894360501620977,0.012982193897784988
2023-03-22,-0.01221961800906999,-0.0099423879221353,-0.010263104448895445,-0.01646322377571363
2023-03-23,0.003930842825976388,-0.00131924817009075,0.0044348919803825155,0.0029845287333754023
2023-03-24,0.0022159782761980167,0.013043697243820741,-0.003421477346339834,0.005639807253104534
2023-03-27,0.0018876013274491735,0.0028480146256670306,0.004479788401843843,0.0016469543057482383
2023-03-28,0.000541465545323805,-0.0007079331517143435,0.003284876310867226,-0.0015738434957162095
2023-03-29,0.012190006861019655,0.007701588802115301,0.015525877503269394,0.014237268879836451
2023-03-30,0.005808456243554428,0.00237297404099236,0.007711811314193586,0.005715269388667954
2023-03-31,0.01335700394290058,0.00839975904985346,0.010639845947010127,0.014436542471763847
2023-04-03,0.01053671425765953,0.010882845681685587,0.021786620660608522,0.0036988464765423945
2023-04-04,-0.00957660601645085,0.0009296922184018213,-0.017480967687483313,-0.005796972083329965
2023-04-05,-0.00014843207148887926,0.017635412161187178,0.0010917380009313254,-0.002492370531228194
2023-04-06,0.0002732100111490831,-0.0003627573865173766,-0.006923482456104661,0.0035791630944272956
2023-04-10,0.0018943532808554104,-0.0035427092415923696,0.009560975774384825,0.0009963029974375814
2023-04-11,-0.0004722545133879822,-0.00015086573201077765,-0.002205898073998058,-4.1352477946232646e-05
2023-04-12,-0.003746240196918094,-0.0002900088786360109,-0.005007705337067875,-0.004134884052006904
2023-04-13,0.010031950496466682,0.008663289473027278,0.0080093451169176,0.01326268999363811
2023-04-14,0.007511781566701059,-0.0019898371890310794,0.001028354998919267,-0.0020693734728036706
2023-04-17,0.0038601813750300477,0.001560091002964493,-0.001635855152666459,0.00330615690296554
2023-04-18,0.004774667513442532,-0.005617623561967631,0.01000456887154693,0.0008552202959737354
2023-04-19,0.0014612187779312173,0.002444716384469748,0.002498299748130222,-8.42619976980652e-05
2023-04-20,-0.004492884840698464,0.0028907773549869268,-0.007414282704930205,-0.00595254815297297
2023-04-21,0.002270634695646734,0.009385096770695841,0.009761780245354006,0.0009031888869577287
2023-04-24,0.0031302413302879864,0.003626253423354021,0.006414189995950284,0.0008515791660903549
2023-04-25,-0.012877977315609669,-0.001555771582366159,-0.01067438245646964,-0.015810858882773227
2023-04-26,0.00019094246951947377,-0.008606923969906395,-0.002106785001543515,-0.003841187197329843
2023-04-27,0.012419896764899352,0.008309435790514628,0.013034917523508539,0.01956614972249704
2023-04-28,0.011077404725538132,0.005984440614425311,0.008844406835906695,0.008253202753460531
2023-05-01,0.00126760573994934,-0.0026568842086510044,-0.0010210207172451332,-0.0003861064902076494
2023-05-02,-0.01048052761292111,-0.002515719157400788,-0.0171877857931133,-0.011586262936400304
2023-05-03,-0.008690167214934185,-0.0071898093118154755,-0.010817859314976017,-0.006998305064656485
2023-05-04,-0.010387210570547312,-0.006253313099742613,-0.010087712348771717,-0.007218732334382416
2023-05-05,0.019645373089072146,0.007196387532742221,0.022880614895070133,0.018474751389515376
2023-05-08,2.055134562063411e-05,-0.00281490173328632,0.0027361836126386925,0.0004521286642489297
2023-05-09,-0.006289485302510023,-0.006650235719835935,-0.008716270847260807,-0.004579421277258522
2023-05-10,0.0027103040925935303,0.0015175148225833567,0.0005167186553744323,0.004483965263404999
2023-05-11,-0.005327107541143583,-0.001972902146729189,-0.0070153844679483246,-0.0016966239932159066
2023-05-12,-0.0011739488038373545,0.0036839303719591373,0.0005946860030593535,-0.0015833068345566526
2023-05-15,0.0022377810097597654,-0.0026026958296956667,0.003998290838238348,0.0029581644391338813
2023-05-16,-0.0069837906233033995,-0.006427124338777836,-0.006288885938692385,-0.006377683373153031
2023-05-17,0.015101018590568317,0.003343088772367262,0.012325010175143156,0.011890829058788244
2023-05-18,0.009104595474740117,-0.00443964243355786,0.009052042569063688,0.009445048649426635
2023-05-19,-0.0017501069210690836,0.0014433176330956449,0.00039506684313445815,-0.0014458676054706077
2023-05-22,-0.007553271621481117,-0.013758653304059749,-0.013146329873462136,0.0001550346964389604
2023-05-23,-0.005152312666100555,-0.002808858732864179,-0.004248866239482281,-0.011222026747550129
2023-05-24,-0.005056004205089337,-0.0050607513386763565,-1.5990153318364648e-05,-0.007318600335353365
2023-05-25,0.02312320404150352,-0.008054033911910709,0.03965490259099094,0.008757581265902425
2023-05-26,0.00908234278923452,0.0018160344327265107,0.004866406740146848,0.01304908677799732
2023-05-30,-0.0003079965886435331,-0.0071664929208639415,-0.0001093898807592385,1.660326849850513e-05
2023-05-31,-0.014186030769357217,-0.00446533665694923,-0.017616550705720945,-0.006108624209833935
2023-06-01,0.015143530629992763,0.006294086463513593,0.018414235663192665,0.009854453563032717
2023-06-02,0.020935189378668607,0.02009212280848592,0.012428153139341829,0.014534424705965554
2023-06-05,-0.005420981554378479,-0.0013261818234881922,-0.0038259215043947555,-0.0020035816359177394
2023-06-06,-0.00012658674485018762,-0.00293536381058653,-0.0032807095887534745,0.0023538963079141606
2023-06-07,0.0024274221659360442,0.0038308872901372656,0.0008921823631167225,-0.0038120096998572883
2023-06-08,0.006414956756779378,0.0068845821032574115,0.010546384742583365,0.0061886426142414575
2023-06-09,-8.205239141692024e-05,-0.0010228293030833707,-0.00047322175603499244,0.001148059539441082
2023-06-12,0.0051565279390379465,-0.0020188918350044402,0.0005825600630952292,0.009321148810237156
2023-06-13,0.008710186542270093,0.002769562441324455,0.0070956054166131195,0.006932489951473775
2023-06-14,0.0056391948362213735,0.004708890388198483,0.009249025424927539,0.0008194255259321714
2023-06-15,0.011996712808252688,0.013743904610116313,0.007212475011267433,0.01217813742034668
2023-06-16,-0.0025048640897714085,0.0023988566584454384,-0.0004057306131897443,-0.0036716195284263176
2023-06-20,-0.004374939340317708,-0.006659725295109015,-0.004691427962089116,-0.0047351076976228645
2023-06-21,-0.0017747388611962015,0.00266886207420762,0.0017446066163866695,-0.005245281583003636
2023-06-22,0.0015077226720967788,0.005331073502124022,0.002073911201649401,0.003710798414438443
2023-06-23,-0.008316367874710363,-0.006839244348061784,-0.009623683274829624,-0.007658808766684566
2023-06-26,-0.0018771689441972274,-0.0005689664907186834,-0.003057656731710308,-0.004486838293256468
2023-06-27,0.010647843833179273,0.004712979636573297,0.01145931621126447,0.011455854954693034
2023-06-28,-0.003391672701692838,-0.003010636534636634,-0.00038925863059993796,-0.00035407668843834283
2023-06-29,0.004823678833179712,0.001017693261839881,0.0018757470247154492,0.004473544672805918
2023-06-30,0.013926743077853356,0.01000775328257671,0.016974419132838085,0.012269004495714109
2023-07-03,-0.00015632814069337374,-0.0015294159686797557,0.0007120738937964179,0.0011706778016009611
2023-07-05,-0.002461596477682038,-0.0007357432991614946,-0.0035531535752447736,-0.0019683184132291975
2023-07-06,-0.010291350671704658,-0.00888906040724337,-0.012959730949728306,-0.007922511336500904
2023-07-07,-0.0025040012348186754,-0.012515925652039748,-0.0053991920357276705,-0.0028651005386203243
2023-07-10,0.0019984837602057717,0.0018399429529676633,0.0018836105807497135,0.002405026057131332
2023-07-11,0.005223315465884048,6.333312507695698e-05,0.0055804898722556714,0.0067422110558885695
2023-07-12,0.009075465267526683,0.003273079962182464,0.010843670106357768,0.007411233485312474
2023-07-13,0.006759101660688904,0.001912305091682074,0.00686152962235274,0.008470153458069118
2023-07-14,-0.00028494840754114155,0.003417164470376836,-0.009621330820930854,-0.0010244071333035398
2023-07-17,0.00612348855028768,-0.002643938456598881,0.004896352019351287,0.0038553825145495324
2023-07-18,0.00827620686401075,0.002111238484292834,0.005354169234753332,0.007117275205842377
2023-07-19,0.002878833598569186,0.004999898426616818,0.004298948879211755,0.002357910335732072
2023-07-20,0.003710594406894941,0.023216434760229762,0.003819563751555144,-0.006756896218903741
2023-07-21,-0.0026304591802735144,0.007675224455367405,-0.0018428229748981236,0.0003240945218980773
2023-07-24,0.008023741308362453,0.00561886466969312,0.007698861097753061,0.004034153877153557
2023-07-25,0.005656323406820296,0.003440043668115944,0.006744048378176645,0.002814673351556163
2023-07-26,-0.0022398965878403392,0.001405254460481548,-0.0017879279315525614,-0.00015543889679858758
2023-07-27,-0.004114581005577889,-0.004198277483355681,-0.0005610640339529751,-0.006424666064487883
2023-07-28,0.009564873834856269,0.01044457257826054,0.0068839496910427685,0.009877842794752345
2023-07-31,0.0008054000048335011,-0.010063743427259676,0.007278193597872212,0.0014687129405193122
2023-08-01,0.0069963907992594224,0.004170969295635263,0.005543736503983065,-0.002665087639215691
2023-08-02,-0.01168941374702942,-0.00017616687541523608,-0.013110964386062036,-0.013839541336347905
2023-08-03,0.0003742076387953541,0.0022769802362660836,0.00419566581607409,-0.0025479738404268204
2023-08-04,-0.010378366773026438,-0.009379382504208672,-0.005323602740096494,-0.005300074155050516
2023-08-07,0.007877113338383456,0.012967646006571012,0.008742565358726872,0.00902409277936278
2023-08-08,-0.002683234525735179,-0.000516511268437554,-0.001944551422008223,-0.004218283044793103
2023-08-09,-0.005692587713412136,0.0007661500018252557,-0.004200685833541177,-0.007038730380597102
2023-08-10,-0.001068164521995907,-0.002795567791922365,-0.0010582519788477117,0.00025071394456976925
2023-08-11,0.0009365279954389292,0.0070433272446794,-0.00022967171935127712,-0.0010696923700230787
2023-08-14,0.007182226776395406,-0.0035878515262933014,0.012555276288395945,0.005750475751703066
2023-08-15,-0.009938206319006448,-0.007482288379305638,-0.011682527014914899,-0.011550909428841738
2023-08-16,-0.005964302981384184,-0.005832488497900048,-0.010292699089515037,-0.007555395210577687
2023-08-17,-0.003031706075484919,0.0011445642644059885,0.004598819291187068,-0.007712913029036983
2023-08-18,0.0012930551546799342,0.00028345160906096,0.004875992966272857,-0.00014870682600087726
2023-08-21,0.004352504957190795,-0.012815504773077385,0.010132913761217097,0.006879188518795987
2023-08-22,-0.006602834610796416,-0.004428665273831481,-0.009466285978285601,-0.002777466728829614
2023-08-23,0.008502016973362782,0.0012490873647804954,0.007080477191519918,0.011044879965972587
2023-08-24,-0.008336689543160893,-0.003384764363971944,-0.0047060823610548174,-0.013457974663146133
2023-08-25,0.00529107373461356,0.009364697943363958,0.004170343965090824,0.006717966037625089
2023-08-28,0.005092058174925907,-0.0008959849550568692,0.007275000313894142,0.006264619755036449
2023-08-29,0.01214943679373224,0.0026094134318541905,0.01243191919303275,0.01450830719454621
2023-08-30,0.005137687914860568,0.0008493007548388013,0.005907170743061629,0.003833182103508026
2023-08-31,-0.0036073610628476805,-0.005266265287708528,-0.000962136689091951,-0.0015969365120942491
2023-09-01,0.002998820121455603,-0.00017039516751931154,0.003081746952859884,0.0017991292600010311
2023-09-05,-0.004646111986239987,-0.006076711429987798,-0.005082611551366943,-0.004194177587506065
2023-09-06,-0.008155798590667538,-0.005194890744975626,-0.00490224173373243,-0.006971599351452862
2023-09-07,-0.005215372254405315,0.004686923065967293,-0.004626377668798323,-0.0032112659361860363
2023-09-08,0.0020490828950671894,0.0016774386068622857,0.0010026927208556223,0.0014266227216406246
2023-09-11,0.0033354037296180034,0.00833477179434716,-0.0012884204752454617,0.006723453106275201
2023-09-12,-0.002893927294664279,-0.0033613724129153517,0.00249180700622251,-0.005695885604828921
2023-09-13,-0.0003923081625074709,0.0021455388993325657,-0.00010882479732232528,0.0012416323054647016
2023-09-14,0.010931036256314043,0.007963159412569353,0.011446697804745517,0.00842991886716793
2023-09-15,-0.015269022409167755,-0.012344397344835164,-0.017052461225905216,-0.012159612938677844
2023-09-18,0.0034883995675423,0.004129743872083757,0.005442292440856186,0.0007212876971294246
2023-09-19,-0.002863373974887285,-0.0026367253731626873,-0.004219722875251762,-0.002151010615372817
2023-09-20,-0.009327020512051289,-0.0007578304594877454,-0.00834184158416239,-0.0093947947580596
2023-09-21,-0.01321433081112482,-0.01049632831717581,-0.016910351228703987,-0.01640093410321941
2023-09-22,-0.0005883760852329776,-0.003539790826962662,0.003019702049288345,-0.002295598477193961
2023-09-25,0.00288596979198984,-0.002469374110286909,0.004112487242724536,0.0040230650909416354
2023-09-26,-0.011168376582423136,-0.008410987021438046,-0.006226224631629433,-0.014734533990868215
2023-09-27,0.0018821975343820908,-0.005854503126713971,0.008946191847195466,0.00022931406074522265
2023-09-28,0.003293299883012546,-0.0022095454692285512,0.0007229800802676225,0.005893173970516585
2023-09-29,-0.0037492504959472767,-0.004839655376622722,-0.004336006664570917,-0.002709582086142026
2023-10-02,0.0008510424722551147,-0.005456664692625475,-0.0015437020824835977,7.936755559079245e-05
2023-10-03,-0.011175482973978901,-0.0036540333789982686,-0.007586490197155797,-0.013744071674259506
2023-10-04,-0.00015083135073603606,-0.0010770303692205702,-0.008903232070874385,0.008109754957160709
2023-10-05,-0.0066250321439137675,-0.011567395243409344,-0.014842552667696879,-0.001304030159777203
2023-10-06,0.010585710904948155,0.004704490018512585,0.004766435233290591,0.011814893014644445
2023-10-09,0.006250119956014899,0.003901340495850662,0.00877049551239277,0.00630385429964031
2023-10-10,0.005637563320427452,0.006694403162579974,0.006920568162015651,0.005207990781392224
2023-10-11,-0.0027519350799917524,-0.011146631220047307,-0.011523235320360049,0.00429300817103373
2023-10-12,-0.004051080564633836,-0.003870220593110819,-8.928642055739387e-05,-0.00624643434611849
2023-10-13,-8.563493492845848e-05,0.005869823735065125,0.0043882734337259595,-0.005018858888767519
2023-10-16,0.008116806362423035,0.007992020290503155,0.006487369180262815,0.01059436938392988
2023-10-17,-0.004005890141232027,0.0007565750015707757,-0.007526468520233399,-9.824505308242415e-05
2023-10-18,-0.011452817253720405,-0.0020888836739827443,-0.011951601153149064,-0.013399820506516447
2023-10-19,-0.004351276032598916,-0.002724865851900733,-0.004108741050981762,-0.008482848196321058
2023-10-20,-0.00825610204507107,-0.0013077654878468708,-0.008558178214518408,-0.012585283719027562
2023-10-23,-0.0012188822133828324,-0.006286712999195148,2.4504792649106888e-05,-0.0016855698941634634
2023-10-24,0.005619208691202238,0.007269790770524481,0.002405778110501217,0.007265792222727274
2023-10-25,-0.004090033321899534,0.003974216207394437,-0.009131904427689736,-0.014339628627712542
2023-10-26,-0.015245453621040262,-0.011367877976348193,-0.016310733527747822,-0.011832519778109618
2023-10-27,-0.010855710080958515,-0.016163740549195477,-0.014743391610143278,-0.004800280229768528
2023-10-30,0.014105668400725802,0.013034860895894024,0.010207905375544814,0.012010022325859904
2023-10-31,-0.0027413037091067235,0.003654986229401716,-0.005590325080486297,0.006474957307233353
2023-11-01,0.01083788548693132,0.002264132033253084,0.010187937355804524,0.010505999486313922
2023-11-02,0.019897484539691958,0.014832764169153276,0.023102502678051196,0.01885855702012762
2023-11-03,0.004374746618817472,-0.0009628564854306151,0.005190900342102205,0.009393730253031363
2023-11-06,0.0030035679495115986,0.0014955865479370565,-0.0015536211103333428,0.0017529924220356374
2023-11-07,-0.000336455043785999,-0.0028020414459540197,-0.006903026765752868,0.0028401189192852616
2023-11-08,0.001381236601833058,-0.002758430146155691,-0.0023678502954730153,0.0010049156221052513
2023-11-09,-0.00589516915822288,-0.00876673633347557,-0.0036333545387574185,-0.008083839306732843
2023-11-10,0.014361658778946573,0.0056510561607703656,0.011307152927773694,0.015616441094852496
2023-11-13,0.0004740166009440938,0.003237258020279859,0.006723122899304466,-0.0008358389332403515
2023-11-14,0.01480686132306436,0.005451325245114346,0.007953082202556847,0.019075017703661823
2023-11-15,0.002379251309224484,0.002506346724842892,-0.00213974051383946,0.0015970120755575135
2023-11-16,0.003842961687557734,0.004224592759360954,0.0013991073732949645,0.0011904273935798848
2023-11-17,0.0023493188223028373,-0.0009437526888942788,0.006603957655977092,0.0012820490603360213
2023-11-20,0.004963593462267235,0.002284629300480165,0.004180084368825278,0.007390278097329839
2023-11-21,-0.0026249128790663215,0.0018405637519048853,-0.0007312753508772968,-0.0020209310950652926
2023-11-22,0.0002954954142039055,0.0036793772272311095,-0.0072423877935731745,0.00406112922094648
2023-11-24,0.0005771085494143628,0.005366201634619718,0.0014873990593179686,0.0005968736678840791
2023-11-27,-0.000615360498507056,-0.003325013476712795,-0.0020189643178418655,-0.001954157460090089
2023-11-28,0.0026534178438721192,0.003934036644796942,-0.0005094865041989648,0.0009801185306033133
2023-11-29,-0.0022019389618299083,-0.0036469789854032503,-0.002331912189825234,-0.0009462486392383118
2023-11-30,0.004728487392554436,0.012473012743823524,0.002197158360639539,0.0037840728581564065
2023-12-01,0.006789264119163042,0.008129092015083782,0.009105693558826419,0.005873742123607695
2023-12-04,-0.004477382497646132,-0.0008724176775362822,-0.007593467492394102,-0.005408509126972105
2023-12-05,-0.0001313975970895997,-0.01068370335010438,-0.005392454096373753,-0.0005688697261614362
2023-12-06,-0.006507210906511951,-0.005351264189834001,-0.011880545441495164,-0.003906202808869552
2023-12-07,0.003548529547545054,-0.0021989523177044926,0.001215105691464458,0.007968189065892917
2023-12-08,0.004960439961224849,-0.0026185883220192475,0.005523557928084776,0.00409549786994079
2023-12-11,0.00015577031374681684,0.004574543472428861,-0.001427337064139951,0.003924494286698943
2023-12-12,0.004639279382393191,0.0010203002012081376,0.00018949805912685545,0.00459935752021523
2023-12-13,0.012488976366077598,0.011274295476879623,0.010413156677291733,0.013650676351045998
2023-12-14,0.008311951163437659,-0.00207732351212938,0.014470368233289916,0.0026470624846992585
2023-12-15,0.0007458744336725776,-0.005162274891855847,-0.003047853573866811,-7.62494933082003e-05
2023-12-18,0.004964690227482161,0.00633520005712972,0.009556744232125764,0.004528344366900416
2023-12-19,0.005639899450085628,0.004064571493230801,0.006325132252445701,0.005866407818910568
2023-12-20,-0.015323233923755411,-0.01695467449596727,-0.01981330744322107,-0.014684266911006771
2023-12-21,0.005702877624509084,0.005933258915406041,0.00840935590025547,0.010301467821202559
2023-12-22,0.00118188052778605,0.004333779338589528,0.0018711088659767719,0.0016600585268868873
2023-12-26,0.004798663406140603,0.0043581598553332,0.0061374848686396675,0.0042316894655107795
2023-12-27,0.0013960046134910754,0.0008656779788151991,0.00048033880511049175,0.0014304577464787638
2023-12-28,-0.0009184139054632447,-0.0013932648853881766,-0.004163585367066352,0.0003701746080437829
2023-12-29,-0.0003432838963824402,0.001912843710484407,-0.00011102909189250146,-0.0028264750133749628
2024-01-02,-0.0004961589367975195,0.013775576855178925,0.007863016618828482,-0.005660579005492328
2024-01-03,-0.006256263967337572,-0.0009107145691561008,-0.0019100006258836442,-0.008016314922730805
2024-01-04,-0.0005604010480120935,-0.0005553811516103284,-5.366218657538638e-05,-0.0034283812973570083
2024-01-05,0.004248508936278528,-9.72057114590444e-06,0.00657751782730399,0.0018256861788026324
2024-01-08,0.013372716254018101,0.0051296652352736125,0.011241269602864342,0.014114629309846638
2024-01-09,-0.000461708224663171,-0.00046808177072415574,0.0004848240725855237,-0.0014779006799081618
2024-01-10,0.008267196877905081,0.0043174754387044255,0.003068482797722189,0.00566597189372442
2024-01-11,-0.0006370485117726199,-0.0023560174132813455,-0.0001399389519136934,-0.0006710555783868699
2024-01-12,0.0025391201339458277,0.006209841949234592,0.007136333723959912,0.0007509755941104146
2024-01-16,-0.0032824314831611627,-0.008526092734520178,-0.0024520073506337785,-0.0037313402367431525
2024-01-17,-0.006280090611184653,-0.0022094055030325165,-0.0037674159341618174,-0.005616897183990499
2024-01-18,0.008264179824104403,0.0021976043388458114,0.005436379810847651,0.008805260963896
2024-01-19,0.011113949378105949,0.001264918620931655,0.009650633968906848,0.012313502764936146
2024-01-22,0.0005575933082675123,9.245242625528345e-05,-0.00041046291084213354,0.0021943252026270788
2024-01-23,0.0034729370104588323,0.0045894467251825005,0.005445972275046778,0.002921374261968035
2024-01-24,0.002005227004380539,-0.005240740901554178,0.005825401389192884,0.0008119284117831249
2024-01-25,0.01243015927301139,0.01134499565785427,0.011258192077258604,0.005260365527706368
2024-01-26,-0.00017452129050448117,0.0022297215098603675,0.0012692948009100024,-0.0006517852510764532
2024-01-29,0.005731604323145413,0.002765974296754585,0.008138577263748179,0.007556774896180896
2024-01-30,0.0036691912067322143,0.0038757373906414794,0.007019611964675758,-0.0006006499345398986
2024-01-31,-0.013090453637277432,-0.006680203487905789,-0.01303404270726965,-0.016105744611597972
2024-02-01,0.012496483866067176,0.009382268149618584,0.012669053684230673,0.012493688211609788
2024-02-02,0.005543249395664496,-0.005054194395521522,0.007905376490801032,0.01068444607751462
2024-02-05,0.004031455144913998,-0.004332588590595213,0.007920959420872243,-0.0031863375266721894
2024-02-06,0.0027385625263243955,0.0058527245716470935,-0.0007701442442548193,0.0023104108269635937
2024-02-07,0.007288893771879103,0.002140958078450849,0.007181521434308759,0.008241457963390042
2024-02-08,-0.0016373405028188405,-0.00268088034834373,0.0015020384522690762,0.0005705832608251526
2024-02-09,0.0008970275072342603,-0.0035948324019605495,0.0013473519303310762,0.0057423415255595245
2024-02-12,0.002598973925575654,0.0038250341043463425,0.005903087181134359,-0.0009489536011326738
2024-02-13,-0.012056551271230488,-0.009057372521478601,-0.006013474132189367,-0.013674255653625456
2024-02-14,0.0039034875882476565,-0.001502456357333532,0.003864077771049528,0.009579763275017639
2024-02-15,0.007769442312310383,0.010610849953218244,0.0067217650616230645,0.005821250684729495
2024-02-16,-0.0018074677111005522,-0.0003482698323676249,-0.00024625218930902004,-0.0048034698371121065
2024-02-20,-0.004432489889749558,0.0075392766503833315,-0.006211459631055738,-0.006005322001165325
2024-02-21,0.0042264346353368615,0.00874395976103839,0.0025690333741829113,0.001264199922982101
2024-02-22,0.0256028109934447,0.0060091558467803416,0.04218106405821983,0.02112288421741404
2024-02-23,0.0006214395759826075,0.0026984311612702387,-0.00046343609484533256,0.0003479475462115911
2024-02-26,-0.0026122230562870886,-0.0049177796981232265,-0.0012061866621660043,-0.003786751350190576
2024-02-27,0.0008319888130224217,-0.0019040613974501107,-0.003771553786536415,0.0017063496993998672
2024-02-28,0.0009224378342162054,0.003062488571042432,-0.0016493859054705787,-0.001658155060430544
2024-02-29,0.004752945548262877,-0.0011218358052118075,0.0031397281044892957,0.005229094697149161
2024-03-01,0.006113846993476291,0.0011387207821846846,0.01198270516662007,0.00800782894888763
2024-03-04,-0.0007020235640578403,-0.0035566676476014307,0.004998511363364847,-0.0011932620709189656
2024-03-05,-0.0052859606320375995,-0.0018631844288113065,0.0043014679435216,-0.010193100883444606
2024-03-06,0.004818000229950626,0.0007648994569105684,0.011072233574976992,0.005141103203274655
2024-03-07,0.007153222466237331,0.0013862652317776832,0.012473550650701533,0.010304127925951478
2024-03-08,-0.004887743266876144,0.0015393322156853797,-0.010482690772811576,-0.0065285190034379825
2024-03-11,0.0006841613475735646,0.007507805801051925,0.001677131804243374,-0.001122238087346461
2024-03-12,0.013370033219196,0.005996864701648853,0.018674814401325027,0.011201787981366396
2024-03-13,0.0022603088778136104,0.0022087351200594215,0.0026429591605646894,-0.0019245297153407392
2024-03-14,-0.002472239782850461,-0.0028294357033510752,-0.0048989968886385534,-0.0028710915621273925
2024-03-15,-0.002163380994972453,-0.00522526455211161,-0.0046580036539786126,-0.006482917484461503
2024-03-18,0.004204418226547935,8.552787631216215e-05,0.0048665144713131315,0.006318059504952345
2024-03-19,0.007479614677627267,0.0024055112436102435,0.005117007475143383,0.0056491496501236416
2024-03-20,0.007401773666527535,0.003116982725266351,0.004860252017905068,0.008904173912846591
2024-03-21,0.00443159108582708,0.0018309677215056896,0.002978965730128562,0.0032365354015160275
2024-03-22,-0.0011586655733373697,-0.0026741318717356717,0.007558672512411238,-0.0014021878490156903
2024-03-25,-0.004740966700337823,-0.002915895769291008,0.0041536020620524345,-0.0030549644525015296
2024-03-26,-0.0038048611424150725,0.0010762907322938375,-0.007615352775342361,-0.002799795225030266
2024-03-27,0.009930503211632179,0.011670805056629355,0.0012124596938160909,0.008630626525532925
2024-03-28,0.0004532900539838348,0.0018142273856027403,0.00443345692344637,0.0011164855071790214
2024-04-01,-0.006855257949927707,-0.005342047729570565,-0.001121979988492752,-0.0020135845401164643
2024-04-02,-0.002506435262711704,-0.0010880728776535109,0.000647441145738689,-0.0072390590731691296
2024-04-03,-0.003900092150925727,-0.012608683014418028,-0.006151559559649994,0.001091122364688113
2024-04-04,-0.00963626030588889,-0.0074718284331564706,-0.011739258616811209,-0.012334336350379616
2024-04-05,0.010349762620106884,0.005076394485694954,0.011591266069545246,0.011099194174331695
2024-04-08,-0.0033688511700867845,-0.0033510002494523427,-0.006372526885277737,-0.00037463099831791524
2024-04-09,-4.295237627400818e-05,0.004329215492519533,-0.0006969226119996629,0.0014454931932483817
2024-04-10,-0.005159523762964746,-0.007662086135119453,0.002160462022216852,-0.009456980649108493
2024-04-11,0.006641446833907938,-0.003811779135578015,0.008723304769302444,0.007444797710585593
2024-04-12,-0.016349094805270168,-0.011782431744950044,-0.013938089412065249,-0.01455068829580164
2024-04-15,-0.009167153146699782,-0.0024482403666795096,-0.009198919359699761,-0.01202135494776202
2024-04-16,-0.005983526875148849,-0.007839656998165924,0.0029259792509276454,-0.0020565070133361507
2024-04-17,-0.0051775754823055855,0.0030749588200299563,-0.009353470486570769,-0.005780602724641426
2024-04-18,0.001024456071992752,0.004430834660590141,0.004983887373338984,-0.002208160119998248
2024-04-19,-0.004484104853791227,0.012421627591337381,-0.02349240626595126,-0.00875854812743615
2024-04-22,0.011857235972930558,0.008858392988131562,0.01995088189563716,0.008731248071466746
2024-04-23,0.011250874117324264,0.0049421612346036755,0.014484563058656044,0.011964576270872662
2024-04-24,-0.0013895827126139016,0.003265888764128846,-0.006790057790213904,0.0002130100613548791
2024-04-25,-0.006047459224162755,-0.00608658458364617,0.009548790638174005,-0.004576430353515626
2024-04-26,0.0062274490840007355,-0.004260269955690504,0.008288996783134439,0.01020914263474304
2024-04-29,0.006380374550492841,0.004737375608543905,0.005988466159404393,0.0031784486665891176
2024-04-30,-0.014646291152484161,-0.008819134435339934,-0.006924120993108823,-0.01573051358686217
2024-05-01,-0.0016652164364103438,0.012862510930934636,-0.017085837068618572,-0.0034354388154940185
2024-05-02,0.00828225992999835,-0.0005781174919249087,0.01182555438284201,0.009128437077573048
2024-05-03,0.013662656878558999,0.0014302015375709807,0.011173973222950094,0.012556739721478527
2024-05-06,0.007224460705490732,0.0018114122972576854,0.013885133323895918,0.01032612390701182
2024-05-07,-0.0012739372425474291,0.0019186482873991414,-0.003638211210035584,0.0013434298232750663
2024-05-08,0.0017541999329732444,0.0014013881773309858,-0.001564246899867654,-5.835618166138978e-06
2024-05-09,0.008404509664019556,0.0069042092531010485,0.0029179622184415084,0.005090947698625836
2024-05-10,0.003107222186452863,0.0029466436188581567,0.004746929544374332,0.001649398844549843
2024-05-13,0.0017818397245753517,0.0025635280521942,0.00036324437289629894,-0.00024130405535727206
2024-05-14,0.003938567239854929,-4.784006186265438e-05,0.004401264421812153,0.004837813139759728
2024-05-15,0.011895940742865931,0.006036469690332488,0.014571277363565744,0.011715927882596233
2024-05-16,-0.0032636969734391786,0.0035016616242427067,-0.0008695678539496621,-0.0020816677921287052
2024-05-17,0.002144205138972466,0.0018432203059458206,-0.0016206128361816183,0.0011647735102702228
2024-05-20,-0.0033356396282755666,-0.007978439183310393,0.004500638211927277,0.0009163899374069473
2024-05-21,0.003154862324374297,0.002584023562084115,0.0017354169374780614,0.002501874243978186
2024-05-22,-0.00469256642049245,0.0014398572389378121,-0.008549533088331562,-0.002706123039226127
2024-05-23,-0.003904534904120105,-0.017041713966416804,0.017053321890212504,-0.0073807894850155265
2024-05-24,0.0036903547758607275,-0.005224123436632896,0.0068747696972170135,0.0070010425881694704
2024-05-28,0.004705217085305591,-0.007392710405575921,0.020170793877479786,0.0002488018529340774
2024-05-29,-0.00537515698172959,-0.004568922010318439,-0.004411156594747226,-0.007367046509680453
2024-05-30,-0.002049907336985824,0.002947440114192056,-0.008146125221324527,-0.005975035585443322
2024-05-31,0.009577252261091008,0.013229627906267326,0.010873780287818432,0.00802787620486467
2024-06-03,-0.0007299566199954534,-0.0017278417733635038,0.006911763017077279,0.0011160825806737495
2024-06-04,0.0011692751456790717,0.004730123604784534,0.004083210980578433,0.0015028090913065117
2024-06-05,0.00663031608795306,-0.0034055076183670758,0.015019813202906572,0.011847649793331305
2024-06-06,0.000834680823727596,0.005373331365241007,0.003243862527709896,-0.00019981663563317653
2024-06-07,-0.0003277299470239581,-0.0020350443369344003,-0.006184410491226252,-0.0011152197300303701
2024-06-10,0.001504012686021716,0.0002622332942243591,0.003348356227278393,0.0025808546645145203
2024-06-11,0.00425556969606119,-0.002079295349167913,-0.004586350012872089,0.0027103813151374556
2024-06-12,0.005375563049725263,-0.008226285410291431,0.0025669391430131784,0.008503672791998707
2024-06-13,0.005812021806509571,0.0014389580325328945,0.010214099557583314,0.0023446558536817097
2024-06-14,-0.0010594897443976794,-0.0005183269564241583,0.0029262739494178595,-0.000393860697500914
2024-06-17,0.004402679837728652,0.0023489903686536545,-0.0026478848461290207,0.007664386564552705
2024-06-18,0.006481555725672272,0.0022489163735927636,0.01549002082806305,0.0025213273947457537
2024-06-20,-0.0015081130574361441,0.0045706152127025675,-0.005756971607159101,-0.0025259318472709014
2024-06-21,-0.003185280041070571,0.004155676920677224,-0.01065605055606971,-0.001562130321101196
2024-06-24,-0.0010057265757208885,0.009462434512626799,-0.009156594087164495,-0.003065171894990004
2024-06-25,0.00099445184892123,-0.006379343744450137,0.017743788377272814,0.003933590015736899
2024-06-26,0.003492453286708808,0.0009337067505650717,0.002074943268269686,0.0015724312002203256
2024-06-27,-0.001328020169375588,-0.002629801773713542,-0.005965050988972464,0.0009073212238914774
2024-06-28,-0.00020078489073782632,-0.0015305973186016811,-0.0032770909503674157,-0.004083652583445674
2024-07-01,0.0018829704686536219,-0.002475217815747131,-0.003382747407255697,0.0026755639309195
2024-07-02,0.0013133301684470347,-2.2864422045127118e-05,-0.0040451587254177164,0.006195317856513505
2024-07-03,0.0064017254567048315,0.0009102296567657225,0.01551992404650426,0.005084444409779065
2024-07-05,0.0008511991757450543,0.0037874508274806816,-0.0065639653368222365,0.005448765178485582
2024-07-08,0.001963106753435151,-0.004785066320668705,0.0040585310897825536,0.0010166989647510949
2024-07-09,-2.294008808034935e-06,-0.0008729959828454741,0.0019367408101201846,0.0007410719362856977
2024-07-10,0.012368148617373275,0.009138697886002555,0.01312777934931213,0.010208065293514812
2024-07-11,-0.005892183637749051,0.0008398246684813104,-0.014971542103618002,-0.008763028841120457
2024-07-12,0.006058831191120351,0.00419832395327774,0.007275795484343599,0.0055170270744306915
2024-07-15,0.005920499377630506,-0.0011850329488548139,-0.0008293253139762933,0.0028262026252154904
2024-07-16,0.011241021934397433,0.012313301944877545,0.0029792956227109534,0.006389375498743188
2024-07-17,-0.0009660420252818995,0.01885896081926285,-0.009798332587849297,-0.013927543241993745
2024-07-18,-0.005745992060843162,-0.00413223712312867,0.009039067244016454,-0.007816403936922511
2024-07-19,-0.008789020961816376,-0.004427853342533783,-0.013625188081530576,-0.007140265531926926
2024-07-22,0.0050154787787031205,-0.0023300363174963814,0.011924948875925562,0.01079203564940956
2024-07-23,-0.0054225028079903925,-0.007020957702861772,-0.009760811778328217,-0.001558102589770738
2024-07-24,-0.01291524796853779,0.010698989325693364,-0.012383821233912847,-0.02314909375473495
2024-07-25,0.002688626132088834,0.008069769505289603,-0.00042959668182221097,-0.005142620237842288
2024-07-26,0.011167872004414301,0.01037892322817087,0.007284380906362266,0.011090468702846357
2024-07-29,-0.004766639417322183,-0.005327421362392547,-0.005919132538102779,0.0008133101292933098
2024-07-30,-0.005919991393331281,0.001024366863724224,-0.029039665066974116,-0.004960171878030217
2024-07-31,0.010888199533857402,-0.01092808961683328,0.036369709653581106,0.0157933986591674
2024-08-01,-0.01240716926117499,0.011789113758400404,-0.013142909860870562,-0.013693502993456064
2024-08-02,-0.004780105208644536,0.012811949945621718,0.004455738052592758,-0.018381860868696753
2024-08-05,-0.025890412652181984,-0.01740138940402403,-0.029826354648974776,-0.02996879838863975
2024-08-06,0.008884186040978747,-0.002433337190676921,0.009734665105639681,0.010354085880061037
2024-08-07,-0.0045480064933886575,0.0042569696307780775,-0.007325492432687036,-0.007734647858502863
2024-08-08,0.019235807347606416,0.009163454409617224,0.02600585166179919,0.023042611519136447
2024-08-09,0.004352585416167143,0.002099645613918277,0.0011620583089019967,0.004671676849538509
2024-08-12,0.000438190111252046,-0.0075071156001059,0.0053036890810577095,4.303397765514916e-05
2024-08-13,0.011748239233024428,-0.0005221390821943281,0.018007380702092738,0.016847579753558328
2024-08-14,0.006967463690422094,0.004474999985072252,0.010668815073833616,0.0038237284285767004
2024-08-15,0.011415450847922039,0.002931245679544936,0.012538360013389956,0.016133247764330783
2024-08-16,0.002926568547965991,0.0018219481268460973,0.0035034105921924207,0.001989779357261412
2024-08-19,0.0068041799354932936,0.0015289826629354998,0.014623770446047627,0.009722284736913167
2024-08-20,-0.0019707931334739027,0.0012116749098354475,-0.012219027215141565,-0.0019845553982971165
2024-08-21,0.0018711097495988207,0.0020899127345792986,0.0008692372386845164,0.004239676828782013
2024-08-22,-0.006172102307585392,0.0005185256557081307,-0.009156524566513691,-0.008932805548120926
2024-08-23,0.013789504513259032,0.006961734212859347,0.016742705646494306,0.01148337085011919
2024-08-26,0.0025330998634731875,0.008286752272178234,0.003271045945134689,-0.0031537266931381813
2024-08-27,0.001192403917361562,-0.0007363385146663731,0.0005061920248639463,0.0015951960865450143
2024-08-28,-0.004166715312413727,0.0006873819223139606,-0.009234217685398807,-0.00597597320797616
2024-08-29,-0.001260164706640721,0.004909295801348837,-0.012870007006083194,-3.937906806072977e-05
2024-08-30,0.0072719572404038365,0.007319305288350592,0.0073059464191546,0.010093051774424433
2024-09-03,-0.02039554112039558,0.0019387609846341241,-0.028901165612862385,-0.02115107439771169
2024-09-04,-0.005063471199408876,-0.001570757713059493,-0.006879634239049447,-0.0016025435809103872
2024-09-05,-0.005342621598403297,-0.011111747441496454,-0.002165328438915797,-0.003018017615584734
2024-09-06,-0.011368991020503436,-0.0037912304540489526,-0.013498190348658321,-0.01726024985928465
2024-09-09,0.014295216879083352,0.01150895441181696,0.018732555722905154,0.0115800702824842
2024-09-10,-0.0030462545494861723,-0.002120960108399537,-0.0038062995750320796,0.004472672652839682
2024-09-11,0.007048259100366294,-0.010079348870478544,0.01428470818385481,0.010665025888896507
2024-09-12,0.006247572119701861,0.002389924638446719,0.009312019290862951,0.007495302358939249
2024-09-13,0.0045088883138725165,0.005447694164222336,0.001678407608732155,0.005407711405364557
2024-09-16,0.0035534667049300643,0.011227405456190869,0.004778743754897517,0.0012566297656613212
2024-09-17,0.002887735968401218,0.0004089877854467316,-0.0018623483053920179,0.00026455008109871336
2024-09-18,-0.002720106593283278,-0.004278701186653523,-0.008123618259527468,-0.002896455862498093
2024-09-19,0.015192512271455417,-0.004227001296561258,0.009945580738694167,0.01697685316676334
2024-09-20,-0.001717806562843549,0.003941071019726119,-0.0005161545289758539,-0.0019410273951238066
2024-09-23,0.001511198786097301,0.00035661670196330864,0.005462687913257866,0.0028092730585327352
2024-09-24,0.008232333321401941,-0.0021064720477588657,0.009630649047254441,0.0025111788443470395
2024-09-25,-0.004837873510424962,-0.007568487288380117,-0.0008200483511305458,-0.0018612489301417234
2024-09-26,0.003116219350798755,0.0010477163674359178,-0.0022775717977268576,0.00403867571712313
2024-09-27,0.0017408104909886648,0.004765294048409635,0.00278197902705139,-0.0012532169669905446
2024-09-30,0.0059667745062685126,0.003193511553018673,0.003217628375559957,0.004236552581176722
2024-10-01,-0.007372817543512722,0.0003509900712480561,-0.0045186032968093735,-0.009324107094664358
2024-10-02,0.0012671667602719427,-0.0038299962307171945,0.005803027236029471,0.00013839090212397487
2024-10-03,-0.00021291928796434147,-0.004516386054367153,0.008882561883455263,-0.001681413492255035
2024-10-04,0.006851150378797466,0.000427675629543294,0.007878541261150472,0.008970249395274354
2024-10-07,-0.0042341811700446486,-0.007912032162232954,0.0032425012677090906,-0.009586022165882668
2024-10-08,0.004294119855593037,-0.0006912158561133717,0.006288559571700923,0.009689347495581924
2024-10-09,0.007862965783475208,0.0059793062642675135,0.002125170471009334,0.007113411987488272
2024-10-10,-0.00048040333057449694,-0.0013299278111278251,0.006437973176555312,-0.002070122839989974
2024-10-11,0.008429356490325168,0.007610681615107416,0.0046853754120462845,0.006051847587953629
2024-10-14,0.005637681407770257,0.004915286154412587,0.009537913158984643,0.0077076668832223305
2024-10-15,-0.005587160073434116,0.0014062428523315238,-0.02041302491203751,-0.007609466332438197
2024-10-16,0.004370750294111781,0.0007437405662543472,0.009404856256865166,0.004679145956573816
2024-10-17,-0.00010258544046713996,-0.0021968264609666696,-0.0014403459410989208,-0.00017116047891174713
2024-10-18,0.0033632101942423836,0.0030436716744439048,0.0031878300938564265,0.00397155273894878
2024-10-21,-0.0024600163405110844,-0.009905836114893807,0.004284729346759266,-0.0018227694906369774
2024-10-22,0.001595782686599167,0.0030890858802216418,0.0010866144850728127,-0.0004748538883844189
2024-10-23,-0.008245098487906388,-0.002208392929066465,-0.01439862904071135,-0.009191323428069387
2024-10-24,-0.0005405474422813585,-0.006599021947075935,-0.0031437409866328474,0.002145772011323821
2024-10-25,-0.003608627668914466,-0.008134382302219759,-0.001062686915594751,-0.00029944716993013376
2024-10-28,0.003631994578737652,0.0017370106510040271,-0.002826855125659584,0.0026514435020339455
2024-10-29,-0.007215880900530004,-0.010903675225989107,-0.009641831275061049,0.001614127248163344
2024-10-30,-0.005081188498318878,1.3881397483572721e-05,-0.005086928555635274,-0.003300233889343751
2024-10-31,-0.016098786904257936,-0.009452756138930611,-0.014699726812045729,-0.018614700871699585
2024-11-01,0.0008207476125364544,-0.0014631157053187724,-0.000850384212702257,0.004092509543626166
2024-11-04,0.0002787013731219255,-0.0001267407191448895,0.01055403576627611,-0.002812083478299976
2024-11-05,0.009136108757976479,0.0039818566554102215,0.010370313785293798,0.012265644545291332
2024-11-06,0.019244637032787833,-0.0027377218093469413,0.010300032911176635,0.025295927786425976
2024-11-07,0.0028783205135743733,1.585845207785918e-05,0.005406701592178628,0.007431229727488331
2024-11-08,-0.0011991118225651689,0.0020303122726402652,-0.0008018625552716705,0.0037568333092317108
2024-11-11,-0.004193708026027476,-0.005527603087757433,-0.008375499153209917,0.0009690634297987444
2024-11-12,-0.0007811761643690463,-0.005177148897275916,0.0030849978706503226,-0.00289265965137242
2024-11-13,0.0019216137387243813,0.0027109757209085915,-0.0019535860937929667,0.00023222772482434095
2024-11-14,0.0001473071921263001,-0.003619311843601557,-0.0008180473017366618,-0.006049734794859041
2024-11-15,-0.005730919281594549,0.0007028740271439554,-0.013759892498976377,-0.013203489851361216
2024-11-18,0.003023770011516824,0.004440861656515979,0.0008516554512082058,0.003917814394541086
2024-11-19,0.001910312605360898,-0.0022702755359954485,0.010400965868109653,0.003963584828470035
2024-11-20,-0.0016241795479248866,0.0025192797017286094,0.004335470587692914,2.195086225209586e-05
2024-11-21,0.011489310256797404,0.012702087059717036,0.01145858428679489,0.0053404615405816536
2024-11-22,0.006243228843530302,0.0056018086642350955,-0.003713904323825839,0.003467959094991535
2024-11-25,0.0026220927431746532,0.0035829387234727083,-0.010042059742706735,0.003020480305938378
2024-11-26,0.004073178610748296,0.0021930116139825193,-0.0012400175405933504,0.005722005647630368
2024-11-27,-0.0033322334204700876,-0.00020605607153528055,-0.004716238126352025,-0.003801238017440034
2024-11-29,0.004465311667766359,0.00043929087609702815,0.006778854779862973,0.005607785488815242
2024-12-02,-0.0004330395900435711,-0.0013147162285956603,-0.0020279738673069088,0.0024484564662998753
2024-12-03,-0.0026393228156722957,-0.009913564720595472,-0.0011988840535900804,0.0004514491145146682
2024-12-04,-0.0021408615151862764,-0.011619469117694445,-0.00683436478265098,0.006051417924264779
2024-12-05,0.00202395666498969,0.002977684797859439,0.0043470919840322385,-0.0018697756269248078
2024-12-06,-0.0028328813066758386,-0.0049500042891764216,-0.010449560630211789,0.0024954538421815275
2024-12-09,-0.003284978895513591,-0.002981881924678054,-0.008334004499872897,-0.006144213927296471
2024-12-10,-0.006615186806754347,-7.97553141199919e-05,-0.0064588073146412345,-0.002963883313944371
2024-12-11,0.00022419540117014631,-0.007688035882028006,0.003200686105969521,0.008165786048233592
2024-12-12,-0.00356161879360708,0.002693725777613342,0.0008586384254191316,-0.005414022527810203
2024-12-13,-0.004423666119814251,-0.0033634334802888776,-0.01119577595197601,-2.6466639124200775e-05
2024-12-16,-0.006492640672037653,-0.010319895411422678,-0.013281563679913544,0.0037993543260221863
2024-12-17,0.0007509678781412511,0.007086989367725005,-0.0010743948582117788,-0.003863994965801476
2024-12-18,-0.021348459243657934,-0.013980014359824594,-0.012581197729029223,-0.02949284635160343
2024-12-19,-0.0023201734897705497,-0.005298560488638171,-0.001876905911015604,-0.0008651123249070469
2024-12-20,0.010846596208671223,0.003090202573222943,0.009130045458239242,0.010869123768910471
2024-12-23,0.004521570216023075,0.0015890580797120772,0.008923763872498429,0.007287273468533639
2024-12-24,0.007384676675142845,0.005526969735395071,0.004307415669211232,0.01104275925539211
2024-12-26,-7.326959140219205e-06,-0.0003771420812027711,-0.0009017894886215436,-0.00040565878647391695
2024-12-27,-0.008079489458027,-0.004073085279101375,-0.006262682699830504,-0.011055736101235558
2024-12-30,-0.008414042590318282,-0.01002536425178098,-0.0049777439956613795,-0.010701995701766776
2024-12-31,-0.0005256435056085644,0.00561902727920608,0.0010899728766457977,-0.004284800394927402
2025-01-02,-0.003489649571409093,-0.00551523972807735,0.002701296686776506,-0.0022238866412221947
2025-01-03,0.008034741778724963,0.00153038796934677,0.011778266092733566,0.01259602672149196
2025-01-06,9.969030825524029e-05,-0.009062579244426739,0.0005298376182637563,0.005538045085450305
2025-01-07,-0.0061113267136017274,0.006127109341059751,-0.011361008947239485,-0.01110391288210788
2025-01-08,-0.0015314149981589863,-0.005477696203157934,-0.0006680725175564654,0.001560360190925314
2025-01-10,-0.013897706105481876,-0.009533805499965539,-0.015260912209632445,-0.01541164380306681
2025-01-13,0.0068811651620308,0.01236429597362249,0.007064792711656534,0.0015754440882007614
2025-01-14,0.0046029607872520644,0.004750803603723526,0.0022910211390348803,0.0011462798112440442
2025-01-15,0.01547343695283353,0.004312717248506734,0.017567418989598373,0.018312792279639112
2025-01-16,-0.0002666364287844287,0.00890792106827888,-0.0031793817594874805,-0.0021126894641922966
2025-01-17,0.009802912355367658,0.004242531762197678,0.016357209371141622,0.009991058969353706
2025-01-21,0.00613816345550372,0.002884608254104329,0.008553459333743525,0.008768227105582893
2025-01-22,0.004002626612115201,-0.004621085779367616,0.009386473610736896,0.006137941522227575
2025-01-23,0.006540666500940552,0.005325520348596463,0.0055217990146785864,0.00531348622041139
2025-01-24,-0.005414986619353624,-0.0014444034239601503,-0.013999350811669491,-0.002855132319398823
2025-01-27,-0.004100885766313157,0.024180236270165474,-0.04096267019966363,-0.014580715690809543
2025-01-28,0.005380688096127986,-0.014707094479226364,0.016102288169801478,0.009217869449967608
2025-01-29,-0.003603564093394041,0.0033125218347768376,-0.009656663407107321,-0.004678895760321544
2025-01-30,-0.005295515291693566,0.005315282273408854,0.005394710699144776,0.005275414405311762
2025-01-31,-0.01093515231940291,-0.0091420574104341,-0.021403300728460042,-0.005046825754019935
2025-02-03,-0.009327267833885235,0.0001078558750205187,-0.007627086004994319,-0.007608597684666707
2025-02-04,0.007661497000723171,0.0037349037201813086,0.012302060552166037,0.007224881828679752
2025-02-05,0.007879520377122508,0.0056188785674386186,0.017337557817044602,0.003908672930614365
2025-02-06,0.0065536962653444004,-0.001027599650835783,0.009541429705118287,0.003644298722618622
2025-02-07,-0.00503260473786118,-0.0004280325456507842,0.0032084050853285564,-0.009464770111542897
2025-02-10,0.006803976583438998,0.007175869053440967,0.012789679001375264,0.006712541085862833
2025-02-11,0.010890048233729034,0.01871419028954825,0.007429918979905225,0.00033958278885926063
2025-02-12,-0.00670195023587753,-0.0027333395423650374,-0.012692657096437491,-0.0027238667143857365
2025-02-13,0.011592520139850791,0.010068070307095538,0.014462023833318077,0.010426292122230674
2025-02-14,-0.003589743477259222,-0.012693209329987546,0.001277786825316474,-7.194380749464546e-05
2025-02-18,0.004162569567732776,0.0062696090942597005,0.010301595330378225,0.0024449877750611915
2025-02-19,0.002941870936402479,0.01114911192327714,0.0017378051052779314,0.0023769693899173827
2025-02-20,-0.0011310289561098366,0.004668456778354306,0.0009737922953099374,-0.0043341850761716705
2025-02-21,-0.007858921337929549,0.008395913129020292,-0.014400791680008518,-0.01706412670256352
2025-02-24,-0.005133348371126956,-0.000519053299723876,-0.009927764706579445,-0.00496910650440241
2025-02-25,0.0005773320638687858,0.006948441211599438,-0.011041636695725764,-0.004679730915472358
2025-02-26,-0.0024876013199018336,-0.008806570714779588,0.00910187517251267,0.00013602428004699796
2025-02-27,-0.010739846894942241,0.000711745768881676,-0.023278092654889743,-0.015864553655509872
2025-02-28,0.015391202167398955,0.009075365820253598,0.02028425389769184,0.01585414463498891
2025-03-03,-0.0184095955550418,0.0018019953516258754,-0.036941703748914145,-0.0175967394669998
2025-03-04,-0.01242074206642211,-0.01521226446677023,-0.005718327072037146,-0.012234826602200433
2025-03-05,0.008105211531028146,0.0017490698541596608,0.0012429905802263882,0.011159277893187936
2025-03-06,-0.00630796421506391,0.0037665730042835592,-0.012453827412779336,-0.017819007085749905
2025-03-07,0.006244133030114008,0.008106262863814002,0.011372157707196918,0.00552061780274804
2025-03-10,-0.016074139096252084,0.0010546647097441086,-0.013212988980914844,-0.0269730913054258
2025-03-11,-0.011627111978902028,-0.011697755679928005,-0.007471655863958917,-0.007567865323653167
2025-03-12,-0.002668985064521023,-0.013539049817004087,0.013318254156429014,0.004886869929446425
2025-03-13,-0.012142166663366339,-0.003111094554451363,-0.004215787223046642,-0.013890984206835322
2025-03-14,0.01852508728203334,0.006749435862598096,0.029361654362979387,0.021265869083087807
2025-03-17,0.004977531747141694,0.007967627390143154,0.003633259389553336,0.006416130719105961
2025-03-18,-0.009451223740148451,-0.004126594330847455,-0.013610014115445932,-0.010653512117636543
2025-03-19,0.00872038121544554,0.0018220844771080077,0.0131231081680839,0.010798495567894584
2025-03-20,0.0003881100866993668,0.000806335351673269,0.0031452410102116536,-0.0021848931523151816
2025-03-21,0.0001411111457634946,-0.003214091543478906,-0.0038777391782171705,0.0008246534476661349
2025-03-24,0.01258921828770584,0.0019154640214035952,0.01407251584928001,0.017646000146633645
2025-03-25,-0.000545570455772004,-0.0061081804684701806,-0.00043708141709807805,0.0015743334544251475
2025-03-26,-0.0022876712522512553,0.010065290640150066,-0.008683668014136989,-0.011156934922627149
2025-03-27,0.0004888740736064491,0.006452403145632698,-0.006263406487739077,-0.003306980860763864
2025-03-28,-0.014178749355820542,-0.00493556167678858,-0.010413543843097861,-0.01973722070834405
2025-03-31,0.00875469168192471,0.011982349024259105,0.004195544049006518,0.005538521570653376
2025-04-01,-0.0038459075273176934,-0.020459454721919894,0.004921345225542244,0.0037812354559083605
2025-04-02,0.003831739538222223,0.0015746970527405941,0.0001499175111574565,0.006728194715792668
2025-04-03,-0.037147218507394476,0.003880411311157623,-0.04833296800893029,-0.04839563335990149
2025-04-04,-0.0527994931612804,-0.0487300531355353,-0.06666593701255537,-0.05974960534553109
2025-04-07,-0.012431311249679855,-0.017007847082934364,0.0025289614554147603,-0.0023314724921273955
2025-04-08,-0.013759263240462007,-0.007028080686448789,-0.011804095198586117,-0.015700524562941354
2025-04-09,0.07848878511027974,0.03278195539749851,0.09206645028596014,0.09515387644904849
2025-04-10,-0.02514934466919451,-0.01160288750757047,-0.03847654081729654,-0.03460757958472693
2025-04-11,0.022850589830139767,0.01929335507644338,0.02825810131680945,0.018092095201708958
2025-04-14,0.00848471994360136,0.011674394924234055,0.0024136160351554666,0.007944712390868913
2025-04-15,-0.004458204318877878,-0.005289499764151063,-0.0007546244354820326,-0.0017277808903947145
2025-04-16,-0.0195889359907791,-0.005792408478018636,-0.02560202117320619,-0.0224083715440897
2025-04-17,0.011877755367581367,0.018982056452379197,0.002578018705961492,0.0013268380955802073
2025-04-21,-0.019538560340865322,-0.011228493780753999,-0.020054787800972626,-0.023567493023827546
2025-04-22,0.021071907713869978,0.01446504164133247,0.021730272984561694,0.025117204723895226
2025-04-23,0.008292733812111043,-0.006815563731083832,0.014889970345977787,0.01666113847096007
2025-04-24,0.011205393822022725,-0.004830669426587584,0.011893124860767088,0.020259113708281262
2025-04-25,0.004574593718683739,0.00014273303866940508,0.009324001294695707,0.007373133469998461
2025-04-28,-0.0010380384046811187,0.0015539484558955113,-0.006860249590919443,0.0006407067039131409
2025-04-29,0.003926512086666123,0.004083026641870656,0.004785645344402242,0.005802410694099036
2025-04-30,5.671855791987676e-05,-0.0006776742052927325,-0.0010627209306258237,0.00147999135976562
2025-05-01,0.007946483775866365,-0.004620158936664269,0.004547075608499877,0.006299102138585644
2025-05-02,0.01060766962667409,0.009093843472402628,0.01649559311565481,0.01472657412963474
2025-05-05,-0.0089255095278155,-0.007135226720882652,-0.003709937509650686,-0.006381597588933863
2025-05-06,-0.002395267799274203,4.589803531859133e-05,-0.0035678657675639316,-0.007693239651855532
2025-05-07,0.005487690211126939,0.008540033033982486,0.012258226396468097,0.00434635623313584
2025-05-08,0.0037153800063124635,-0.005080709326569094,0.0014029340092524155,0.005799775094835535
2025-05-09,-0.001573068755937368,-0.00499879532681298,-0.0044698895103869795,-0.0007114809122162891
2025-05-12,0.02826179615069758,0.006770452399585601,0.022215789579526832,0.032558782749008364
2025-05-13,0.004291757063829171,-0.013617999566621951,0.017592093176091634,0.0072482009835321826
2025-05-14,0.002245797044255837,-0.0038655775319145482,0.015615106959196634,0.001024415597859818
2025-05-15,0.011290060840386997,0.02251036036088039,0.01318779788637061,0.004132332074135769
2025-05-16,0.004126985479613155,0.005947959583815751,0.0029194148529063913,0.007005272294898557
2025-05-19,-0.0016986573782681313,0.002239991738396918,-0.0036765794147308566,0.0008761131291423752
2025-05-20,-0.0036017169687275197,0.00035867750652573624,-0.0035047582516662384,-0.0038802294486252054
2025-05-21,-0.01228386335688867,-0.004243463567635413,-0.011191661915850085,-0.01613513066101424
2025-05-22,-0.0019707952720231627,-0.0044372597446966,-0.0015697834224430085,-0.00044487103794299543
2025-05-23,-0.004989909190351672,0.0027885230358523356,-0.0005690704473329019,-0.006708297825321674
2025-05-27,0.017009417836158103,0.009227175687218842,0.015630543251910187,0.0204590558452733
2025-05-28,-0.0060252845660687115,-0.006821228074020436,-0.007184070650980049,-0.005571225417268844
2025-05-29,0.006875008559567442,0.006448657405254826,0.012800166275564998,0.004011194261904327
2025-05-30,-0.0009853610619014906,0.005888033299584468,-0.0066012237120924655,-8.118516130162234e-05
2025-06-02,0.0011078168088723415,-0.0009995066000171627,0.005404581215219087,0.0041020419271569075
2025-06-03,0.005538327666928899,-0.003834090961577811,0.007011345864155182,0.005800290454605506
2025-06-04,-0.0029699909223360973,-0.004219036904691989,-0.0010808094382425046,7.36874595066439e-05
2025-06-05,-0.005519910279686725,-0.004746355142539783,-0.00952918232015653,-0.005277383403094138
2025-06-06,0.010283575010234124,0.009554138198688266,0.011745831619104311,0.010280683010067904
2025-06-09,0.001569538999953779,0.0017870251656828884,0.004983914043972066,0.0009199480792858594
2025-06-10,0.006639791112313509,0.007414628150175373,0.00880085939543065,0.00548298940767844
2025-06-11,-0.0029010644961064316,-0.0018397865048367043,-0.0028468128756465563,-0.002743888954607865
2025-06-12,0.00541713851881912,0.006131315916311465,0.005842353605093311,0.0038224199557175265
2025-06-13,-0.009245091378878712,-0.004244434199299337,-0.012056952905834814,-0.011296379879250695
2025-06-16,0.005834869190165538,-0.0026050696241336165,0.01010015603169076,0.009392659896159117
2025-06-17,-0.008222087586001282,-0.010645010836642087,-0.005529703408956987,-0.008352184790166306
2025-06-18,0.0009250189902902054,-0.005164176523729233,0.005427419969967163,-0.0003092402101070313
2025-06-20,0.002709284878953633,-0.0008757367476009317,-0.0027130554679807906,-0.002178658486505891
2025-06-23,0.00811899978691192,0.007904162416416161,0.006843579465421319,0.009606504133156335
2025-06-24,0.004525192644481035,0.0010466482447436473,0.010838748857052107,0.01112172017970181
2025-06-25,0.004806727657498989,-0.002168375088586885,0.013240191000844705,-3.2861029504172024e-06
2025-06-26,0.006984719721241751,0.0020241257821115954,0.006570138340977111,0.008020121275230219
2025-06-27,0.00483382541330446,0.005032430514575472,0.00718136292179294,0.005218970885222163
2025-06-30,0.002835991434653751,0.0005450298552570229,0.004097622157177491,0.005164427424532603
2025-07-01,0.005798376845761823,0.012411341012400693,-0.0031990403096798484,-0.001118531087121899
2025-07-02,0.007075394821473091,-0.0007787774428890039,0.007292279532169526,0.004745096791088033
2025-07-03,0.006814966827618243,0.005040273578980919,0.012037800940402184,0.008338955206607324
2025-07-07,-0.008772674580187113,-0.005224196079576032,-0.008301379635450648,-0.007862297279128794
2025-07-08,-0.0011593896576581276,-0.0023022833075627873,-0.008051564460271785,-0.0007158868810946961
2025-07-09,0.005480856943742074,-0.0008582101074692093,0.00225133896494634,0.0060621034026635545
2025-07-10,0.00779035923476238,0.006747210839526579,0.009695745299238083,0.0027462050044453346
2025-07-11,-0.0024700605565678214,-0.0022997193968095284,0.0005321771219297362,-0.0032975229626984737
2025-07-14,-0.005189103270592077,-0.006909501597905936,-0.003029107310707968,0.001407413809457303
2025-07-15,-0.0020892747013698584,-0.004385235941352648,0.007767339632234003,-0.003956298214731202
2025-07-16,0.008439904597763183,0.017414447840309585,0.0011866171599901685,0.003193657417327689
2025-07-17,0.006765131918063639,0.0055113922665831865,0.012564540829255266,0.00537376740890938
2025-07-18,-0.004324103462077212,-0.005485877247214649,-0.004639549790619242,-9.048620868445933e-05
2025-07-21,0.0016242524523108373,0.001991338943926307,-0.0014147186551490619,0.001399134882868358
2025-07-22,0.0053979202562482904,0.0073860226739842294,-0.005610566447557034,0.0006375316336257875
2025-07-23,0.009242614148602968,0.0029976109864218027,0.012386012023590326,0.007811886951519131
2025-07-24,0.0033583177134827616,0.0034115191013756887,0.00548677830887878,0.0006982236416543941
2025-07-25,0.001442916997745547,-0.002014583046803853,0.0020511482882506035,0.00397432777929585
2025-07-28,-0.000686865356349242,-0.007552291045372537,0.001396193173777038,0.00017685810881817865
2025-07-29,0.0009647435282837956,0.008889021815295637,0.0014787138159739494,-0.002959442388724254
2025-07-30,-0.0030168966218768745,-0.008046834209878784,0.005105986278561212,-0.0012494327466496813
2025-07-31,-0.003569015101364059,-0.007523329810654729,-0.009171679281232935,-0.0036948193411530106
2025-08-01,-0.008040160975038091,0.003111974361207204,-0.012517627434107167,-0.015992133140148468
2025-08-04,0.011433942796754339,0.007765776664831508,0.015056666481626457,0.01473710033091602
2025-08-05,-0.002637512626546268,-0.002486481350666062,-0.005510425089990484,-0.004857865996303334
2025-08-06,0.005522507615829543,0.003047964335651808,0.00308296093003194,0.007281907295092482
2025-08-07,0.0007569393208327389,0.003982592578927236,-0.0007349886615177707,-0.0007974800154801898
2025-08-08,0.008196187431959335,0.004269016784596389,0.005100297004496746,0.007799715348974834
2025-08-11,-0.0020421654529428125,0.002763560498183975,0.0001425748442931915,-0.0025041278217863283
2025-08-12,0.007165237296137884,0.0005841913491577259,0.005783915152651709,0.01134543584661274
2025-08-13,0.0035669193098730625,0.0017882627756720879,-0.0044936047790660434,0.0032300788824048965
2025-08-14,-0.0015492871588677186,-0.004255280994261208,0.0011120191091719836,0.00030309080129242716
2025-08-15,-0.0034958954069817753,0.004107539990497854,-0.0059190078117963545,-0.0028971350972291088
2025-08-18,9.396046257613706e-05,-0.0019626530017064735,0.002213472433188024,-0.00010076318078544588
2025-08-19,0.0033473282440517286,0.00789451589834882,-0.005560872073899042,-0.005858103118756786
2025-08-20,0.0005114197074860047,0.005757248666990281,0.004834140167359365,-0.0024316693228262354
2025-08-21,-0.0026206187131570195,-0.0004007556323191609,-0.0018327836905086162,-0.004004181529308926
2025-08-22,0.014560502686356882,0.0025911947371520597,0.011577344786051371,0.015186444876893468
2025-08-25,-0.0053714504159043785,-0.008696904118952032,-0.003568017808996091,-0.004266385548063467
2025-08-26,0.0012883909759012766,-0.001933745440393979,0.005815864564939365,0.004133995191134998
2025-08-27,0.0041740975997139555,0.004277656740366507,0.0020862802820945164,0.0023909843081744153
2025-08-28,-0.0001380452548066848,-0.004201472195250146,-0.0019301972402805995,0.0031567194195349924
2025-08-29,-0.004159499889109986,0.006190734445273873,-0.007883813285142701,-0.00639818429357164
2025-09-02,-0.0031428284934425623,0.0021229760630911265,-0.006837222490680606,-0.006922279936861564
2025-09-03,0.0013734013302397984,-0.003124750899123836,-0.0023258051584761027,0.0051000736279842585
2025-09-04,0.00633107264057381,0.001182331499156363,0.004886265509913306,0.008346486409699372
2025-09-05,-0.008865327286143431,-0.00819624940882449,-0.019177055757798406,-0.003165152978388819
2025-09-08,-0.0006818717701756461,-0.0023502116937890484,-0.001175394479421223,0.0021059789159529885
2025-09-09,0.00048783996010768325,0.002181201323077639,0.010747827412553496,0.0026881536531127015
2025-09-10,0.0021913995750001414,-0.0005479593084479517,0.014462301917649389,0.002983469943562689
2025-09-11,0.009351210101465448,0.005326471664695421,0.005455169471626375,0.008485890387959882
2025-09-12,0.002608479036543776,-0.0020194128977519456,6.942523718042002e-06,-0.00048276131466740146
2025-09-15,0.0025174443901482273,-0.0019330098303551675,0.0010687096631946428,0.004706619226962694
2025-09-16,0.0010196926057047917,0.0010849359586945625,-0.0018050231596911412,-0.0012879303382402618
2025-09-17,0.0035612251721428463,0.007462331349433035,0.0002858199338717876,-0.0009701681605103207
2025-09-18,0.0012908280288338565,-0.01079842311624846,0.00943059646751841,0.004789119185128365
2025-09-19,0.004620384934310186,0.002427628574804032,0.0008984830540254891,0.004885418870829605
2025-09-22,0.003059205934314247,-0.007980607898187601,0.00723459336315387,0.004410046474333074
2025-09-23,-0.0013605598106866347,0.005594942186990531,-0.005190041343845026,-0.005502159197012135
2025-09-24,-0.0016873426679416715,-0.0003077547868803745,-0.0024493896700733494,-0.002846617843333288
2025-09-25,0.000357167976938311,-4.709560943134382e-06,-0.0006963375892302958,-0.0050090613431266195
2025-09-26,0.004811117826229028,0.005136101606690591,0.003496011058602518,0.005901836747171263
2025-09-29,0.0023437784033596533,0.003655305161879357,0.006257980539512511,0.00263554421636214
2025-09-30,0.0053346158352656214,0.006826784644950755,0.008017456907295524,0.0040908483833717035
2025-10-01,-0.0016745433688064026,0.0013655088137787981,-0.002057801273976554,0.003399920834961989
2025-10-02,-0.0011391317437046025,-0.005580695497266313,-0.0026728003573677534,0.0006183547238911569
2025-10-03,0.0064661309118128965,0.009070007677959346,0.004501896049388613,6.551280273581206e-05
2025-10-06,-0.002662473787185815,-0.0023304023874115916,-0.004936235882992926,0.0036465919796933033
2025-10-07,-0.0011984911199368732,0.005284359819815304,0.00017089912886688607,-0.0038114057910215715
2025-10-08,0.0021750131718972668,-0.0033908531756936945,0.0012091616156465457,0.0058276636405680815
2025-10-09,-0.0015771223499339239,0.0019207416167008656,0.006717035135970818,-0.002755570407195318
2025-10-10,-0.01607234496695288,-0.0051031153683178,-0.018730558825568778,-0.02711167321141361
2025-10-13,0.010082844744950215,0.000637591866960842,0.015747736804203483,0.015598671787557583
2025-10-14,0.002550096094293319,0.003134436865458244,-0.01119366892365054,-0.0015643266604626893
2025-10-15,0.0008460249573739476,-0.003319204780769319,0.0021658582171569097,0.004026001159503689
2025-10-16,0.0005760528457978591,0.0036750576233167626,0.00022508270301996222,-0.006294387099829435
2025-10-17,0.005866160531378873,0.008647021750182338,0.0036767866479184394,0.0052707155502571545
2025-10-20,0.007203285231779655,0.003287920550236329,0.004928783961707065,0.010672270853256949
2025-10-21,1.9230069214005547e-06,0.007239813463216208,-0.0028083290774641115,3.2696450934288634e-05
2025-10-22,-0.002983553279737461,0.0021363413193561864,-0.00453060728599509,-0.005337539220865439
2025-10-23,0.0015409790045709084,-0.0020684269431123278,0.0011089893996865591,0.0058273934429324825
2025-10-24,0.005916360288764312,-0.0001037438147550104,0.00899352168346312,0.00790242258787388
2025-10-27,0.008732566285994526,0.00412802565631904,0.011030383493551732,0.012290050865671143
2025-10-28,0.004409768679938875,-0.0013944192627727478,0.009440847114409505,0.0022879438603986557
2025-10-29,0.009599405107598814,-0.006617928496901365,0.007774561279713073,-4.3578255173426506e-05
2025-10-30,-0.0017358976544763918,0.0016273260306512653,0.002933782761331945,-0.00990481243951924
2025-10-31,-0.002516138395613432,-0.001531276682210031,0.00042831019930667663,0.0026179217059763005
2025-11-03,-0.005341024519415283,-0.010230840172855523,-0.0028926205429336063,0.0017207127269924793
2025-11-04,-0.00583081143912273,0.0006514977529212725,-0.00990000987565313,-0.011736830084583816
2025-11-05,-0.0028149849529119594,-0.004896041905278112,-0.0020087059874002973,0.0036535556982648654
2025-11-06,-0.004101209297345665,0.001702598129028385,-0.0048168895716131635,-0.011178189042419073
2025-11-07,0.00403220545179186,0.008997294207414434,0.0036276821474015416,0.0012618418007710464
2025-11-10,0.010931748840083067,0.005749319604349758,0.018466413589406674,0.01540101862170995
2025-11-11,0.007678236913802517,0.015600262533710612,0.0011835871506339288,0.002075350517340535
2025-11-12,0.00015771238408003336,-0.0003976064777030715,0.005524757763567489,0.0006295171887717999
2025-11-13,-0.012579948325659686,-0.0049533443577766565,-0.019885063390270734,-0.01655685496159698
2025-11-14,0.0011593559109341234,0.003342710095797649,1.1918531084043067e-05,-0.0005017255648851471
2025-11-17,-0.008255203805060719,-0.0028791708025753546,-0.005769562389393025,-0.00916226617680782
2025-11-18,-0.00986635700212235,0.0011233114548825224,-0.006011170070162345,-0.008256436690967983
2025-11-19,0.0034422563105204534,0.0010458861999099402,0.013351100345286415,0.0037538357962292324
2025-11-20,-0.008168573570677495,-0.0015406654653956696,-0.011402933415822466,-0.015567283563270418
2025-11-21,0.008378675730592977,0.009183853255635544,0.0037196288836001804,0.009823035415319481
2025-11-24,0.0007799008781551046,-0.0032528387303861865,0.005510295800006957,0.015467217001293498
2025-11-25,0.006389569425496222,0.003680989378235756,0.0015077163723780833,0.009061696817220577
2025-11-26,0.008274866227502233,0.005333257225643476,0.009540826806006463,0.006906711511012631
2025-11-28,0.003493080509106128,0.0031414344030715117,0.0004358114012749507,0.005354773163420257
2025-12-01,-0.0019945568055307005,-0.005968369370955435,-0.0036322839494776307,-0.005323329342915684
2025-12-02,1.0274956001876703e-05,-0.006669510997107747,-0.0010284815966358028,0.002457235261999813
2025-12-03,0.0026119866446849163,0.0017560510527103773,0.0026457247761540385,0.0029797912994984355
2025-12-04,-0.0005055667351798412,-0.004767596542851283,0.0050248194742182895,0.0010803218396737702
2025-12-05,-0.0021519026533770693,-0.0049204918090829195,-0.0043049006090249845,0.001936641757662061
2025-12-08,-0.0031873964609464346,-0.003997669831384218,0.0017324664946120171,-0.003477255626794018
2025-12-09,-0.004874196474168835,-0.0010184112731248182,-0.015059846685679681,-0.0008763589340257116
2025-12-10,0.01031042891263685,0.008691665244451724,0.016028753080994707,0.00674955693920154
2025-12-11,0.005806232346959273,0.0030593374714230565,0.004758451952188833,0.002079350841514227
2025-12-12,-0.0039941300674354975,0.006683499680004178,-0.0034784690941762906,-0.010663649289958
2025-12-15,-0.0006032879052100149,0.005762072596123941,0.0069309240127544205,-0.0015965630269072495
2025-12-16,-0.007100295609221874,-0.010742757717312316,-0.007878237725392314,-0.0023839179519623555
2025-12-17,-0.0034088666018349703,0.0063273723564872784,-0.009318686731314524,-0.011592143912241393
2025-12-18,-0.00045853722714501733,-0.004885481209043762,-0.000458460563329543,0.007934262269941872
2025-12-19,0.0032879767015342007,-0.0020137815206986496,0.011133581179921352,0.008818059450332205
2025-12-22,0.004330583161927371,0.0022881965621095843,0.009726338899732456,0.006436496360377575
2025-12-23,0.004578039937253564,0.000509746244231852,0.007637889973865807,0.004550388765703239
2025-12-24,0.004429627275291116,0.005345069651192733,0.005185775030486871,0.0032214822012188726
2025-12-26,0.0006604816080711395,-0.0008865213557052881,0.000784915643854893,-0.00030436354912266594
2025-12-29,-0.002437508376330855,0.000966796281535303,-0.006262379347640227,-0.00349205148036813
2025-12-30,-0.0015805392093081962,-0.0013715421441245935,-0.002351239853746539,-0.0013756671519022934
2025-12-31,-0.004856586385248951,-0.003417711073811813,-0.0034332190751784624,-0.007357666300846111
2026-01-02,0.00463108851157017,-0.003154044606150551,0.005995766350633251,0.0018947067188299638
2026-01-05,0.001331318286062877,-0.005637501360167342,0.0012940375343087583,0.006354126864826393
2026-01-06,-0.001514004858041529,-0.0026977913124353824,0.0011631679135691959,0.006196712678341321
2026-01-07,-0.007921019605631052,-0.0031693679641236878,-0.004845988017360723,-0.003439923431013958
2026-01-08,0.010183772601549913,0.012948105312744733,0.002425086830716521,7.65482590914246e-05
2026-01-09,0.008453132882248983,0.005313926681156096,0.0015620540291082403,0.006475487031883276
2026-01-12,0.003812846113027191,0.006591316305814398,0.003286144995815562,0.001577633215136931
2026-01-13,0.0030700242732616513,0.007180352775596007,-0.0037679393941112294,-0.0019391230550597216
2026-01-14,0.001052314826642242,0.006563829010546454,0.0028258457599971117,-0.005333360445499591
2026-01-15,0.0006206714583575135,-0.0049072327485373555,0.004578436705102153,0.0025799262171273263
2026-01-16,0.0005321610853183834,0.0008151055507041112,-0.0010602056086482193,-0.0006423023039563436
2026-01-20,-0.01217962424599025,0.002569395798586666,-0.012330089510709786,-0.02062675805627745
2026-01-21,0.008002357772453329,0.0011077083905317207,0.009660175407873757,0.011587741323274559
2026-01-22,0.005449890977989191,0.006687094123303589,0.0031701366409896303,0.005487502192628835
2026-01-23,0.004114647304894992,0.011863440133213367,0.004098635541268617,0.0003268698377891788
2026-01-26,0.0062179220103234945,0.0012789740086879876,0.0017614313898269968,0.005006083031276365
2026-01-27,0.006443556470892921,0.010352529698537399,0.010073696200835112,0.004081896177137168
2026-01-28,0.0012772934224105856,0.0017175712189580947,0.006948645498661168,-8.172305219089626e-05
2026-01-29,-0.00021161876391358062,-0.007160267451895534,0.007390386220910771,-0.001292631274007694
2026-01-30,0.002140153945831769,0.006153475730689232,0.0019632623536495765,-0.004301899620894223
2026-02-02,0.007392724292380593,0.002251298541908253,0.0046134315341276825,0.00539126612916796
2026-02-03,0.007122755374257339,0.010283715291272933,0.0058721977704066985,-0.008403983020698336
2026-02-04,0.0055796096860684765,0.007439009035300941,-0.005249079692724134,-0.005072391906223106
2026-02-05,-0.008929664774664768,-0.0015470592915861178,0.00022024706708568046,-0.012251015567674717
2026-02-06,0.02627761693647042,0.015151493062502483,0.03429257642745142,0.0196957966973359
2026-02-09,0.003848308794338351,0.0007139309390508592,0.0025838040285498507,0.004691086716887227
2026-02-10,-0.00033110298734067016,-0.0028213162010914516,-0.007660359713136908,-0.003303712975458173
2026-02-11,0.008201235039975918,0.00959892437074297,0.011761165053316733,-4.895607156218951e-05
2026-02-12,-0.012345480527528084,-0.0005302121946753988,-0.0034874375395838285,-0.01566101212770199
2026-02-13,-0.00488003023229373,-0.004738837653023543,-0.005853470039344842,0.0004990891480125548
2026-02-17,0.0007050563252953832,-0.000471258454700765,0.00654910527532956,0.0010313220779065713
2026-02-18,0.0034654885508319743,0.0035609845211610077,0.0048413695572392884,0.005566070147410729
2026-02-19,-0.0005822489371183683,0.0013413228535783513,0.0008535172363028039,-0.0028221256867719813
2026-02-20,0.0023475332718171037,-0.00080159591027604,0.001556405767518798,0.006939724763506794
2026-02-23,-0.0003475279172982962,0.005888326590255244,0.0026206276067892043,-0.010385652247284827
2026-02-24,0.007494927546875318,0.0035694302460397283,0.005321943793431599,0.0076516140863223114
2026-02-25,0.0026071485360147028,0.0015203231132562215,0.00369543282110713,0.008136355657339944
2026-02-26,-0.007407173851768135,-0.0029882336743342268,-0.015194995665252122,-0.005365580569328343
2026-02-27,-0.0032311343512517856,0.008544131744510958,-0.004321034126213117,-0.00433935281103115
2026-03-02,-0.00023829953050416,-0.0036950901686449533,0.0028450991126256426,0.0003983547353176853
2026-03-03,-0.010188930128588824,-0.008907032181694335,-0.010381648236148407,-0.009444031095625416
2026-03-04,-0.0011919783358327336,-0.0070016642833739115,-0.001038316139201152,0.007756049264286302
2026-03-05,-0.012610536599026735,-0.011712872715956165,-0.015305456772594038,-0.005646704863891072
2026-03-06,-0.010110077741618807,-0.002400438978314087,-0.01108808941490067,-0.013276795812569242
2026-03-09,0.008636267024826007,0.007297501174368864,0.014859342674383623,0.008304161513105202
2026-03-10,0.0024603353179487256,-0.0002397755712036478,0.00525250240328244,-0.0021351198877325173
2026-03-11,-0.0030030244081378004,-0.0022447948965888622,-0.0016697211331302556,-0.0008376012017449197
2026-03-12,-0.010539576084680714,-0.005087107413375291,-0.007798175033147454,-0.015227676506708532
2026-03-13,-0.0041766076157349515,-0.00045968392915835373,-0.004047454489370964,-0.006059115470564369
2026-03-16,0.00967949664147374,0.008310175511710543,0.009478535061107336,0.010130883162251969
2026-03-17,-0.0018578550358137047,-0.005068076916838943,-0.007791037712668592,0.0024942548757938
2026-03-18,-0.014749990809772863,-0.015700970053781543,-0.009106266349356068,-0.013607567880073446
2026-03-19,-0.004908497008643309,-0.0043801345363048295,-0.0040212852546023395,-0.002748797741878972
2026-03-20,-0.010829615258454096,-0.008990956017480444,-0.014874551857702615,-0.015138182356779217
2026-03-23,0.012017195778220725,0.004685306836645482,0.009522926436832108,0.011453200463990454
2026-03-24,0.00153153630345384,-0.002880777978284144,0.0006089191115267374,-0.0037425745042546366
2026-03-25,0.0057787366422855195,0.006200028105835032,0.014007946563775572,0.005419124381509377
2026-03-26,-0.010872359710493829,-0.007302147946790242,-0.016244638029847536,-0.017406172392416708
2026-03-27,-0.007063858993835293,0.0027511409497090315,-0.005014065715097268,-0.01672184352107431
2026-03-30,-0.0015021110503358529,0.006012006071256817,-0.002013984939276101,-0.003945748828622642
2026-03-31,0.022355952747191224,0.008848631439784522,0.02484315469061119,0.02913114047102594
2026-04-01,-0.0005807753940465175,-0.005624737742139598,0.004758333645475308,0.007168516684867399
2026-04-02,-0.0026405568927099668,0.001387788381720415,0.0013205639160666718,0.0011208758485563575
2026-04-06,0.005280767228025319,0.001979575929704496,0.0011691664501585044,0.0044267825126402816
2026-04-07,-0.006736456440733563,-0.008222530487053981,-0.005625828034580313,0.0007592481161695641
2026-04-08,0.021315711948544355,0.011183386482930232,0.02372366385172513,0.025081414644149813
2026-04-09,0.006688768279786429,0.004853721706939859,0.008159043780359603,0.006170023529293189
2026-04-10,-0.00312263337084655,-0.008337655256945844,0.0005887640666141286,-0.0011385210916523558
2026-04-13,0.00342527501141634,0.00038747731490293696,-0.0016355786022830424,0.010173274948748201
2026-04-14,0.004452476909090186,0.0030781970081522566,0.006533423403018756,0.011782866364792755
2026-04-15,0.0007156529200196933,0.002472075885177936,-0.007842137252241109,0.007975783355387733
2026-04-16,0.00181945435185219,0.0019442924843847274,-0.0032810048950370715,0.0026099558353673835
2026-04-17,0.011078413050065938,0.002784913971235153,0.007105142086536725,0.012040463669150903
2026-04-20,0.0007456078879419458,-0.00595192091791353,-0.0009763004207457495,-0.002374372617670484
2026-04-21,-0.009196551396114227,-0.007444786627192369,-0.011218281197862482,-0.006348217959672997
2026-04-22,0.0067996306730592,0.004780029030694976,0.003719371692868444,0.010460084168953943
2026-04-23,0.004660711232860271,0.006498576750987395,0.012794433635888834,-0.004132868267081369
2026-04-24,0.0031852401864585385,0.004373844707459573,0.002027235541592054,0.007973689797975636
2026-04-27,-0.00028154667479888276,-0.004465231611105704,0.0015329810695690615,0.0012323767534654362
2026-04-28,0.005325504910188195,0.015642441190651255,0.007824954227700229,-0.004894172187521972
2026-04-29,-0.005332523866656425,-0.0009244470073921727,-0.0036533478574174725,-0.0003991720531409948
2026-04-30,0.006077421024605878,-0.00474437488415724,0.010221507962874413,0.010238239941821936
2026-05-01,0.00022893059239065266,-0.002291200862112667,-0.0056757332650095825,0.002928328889657106
2026-05-04,-0.011923503802476509,-0.008589722763554387,-0.009144845455604575,-0.004062189384334225
2026-05-05,0.008831994867345604,0.0038335029328537018,0.006618216289502037,0.008120017337603702
2026-05-06,0.012848183879533159,0.003675486341893157,0.01544405336377452,0.014588330317794274
2026-05-07,-0.007463357873574938,-0.006098269476735648,-0.010651737930725588,-0.003803095327784889
2026-05-08,-0.0019937249571199576,-0.00506448646662533,-0.00046983531763729075,0.008425703533400997
2026-05-11,0.003720201640033083,0.001706552432050452,0.009084259071649033,0.0018799566475542484
2026-05-12,0.003932139272095482,0.007579206629435313,0.008920988951782106,-0.0016026088601545085
2026-05-13,0.0003927097693252506,0.004791890221124537,0.009656495258623065,0.005849246488426552
2026-05-14,0.00920699806510168,0.005848152332002531,0.011584583212636508,0.007655604577358366
2026-05-15,-0.005152551585664478,0.0037348843898976866,-0.016431394468968085,-0.012363320128051747
2026-05-18,0.0009193605387279319,0.0069131829813579675,-0.00039120262407996273,-0.0007356678561787344
2026-05-19,-0.001193407348465003,0.0006206850582598783,-0.0002540712634789984,-0.006678320788135905
2026-05-20,0.005725736287929051,-0.0022165648871889064,0.0038411059685118437,0.010792026370445518
2026-05-21,0.0001181751053966116,0.0005434676646955126,-0.0018301585219944285,0.0017153304306989359
2026-05-22,0.003721743736319494,0.0036948924545316,0.004498935585298554,0.0037269732409066503
2026-05-26,-0.005202460664606023,-0.012559876988231062,-0.003215399410011538,0.006108260424063872
2026-05-27,0.0028493792743365166,0.004872127533376233,-0.00041837279992376695,0.00016487914469087706
2026-05-28,-0.0008622360008529113,-0.0007574747583243655,-0.007331037554248885,0.005753716619668614
2026-05-29,-0.00475586768431424,-0.004915788387808328,-0.014707584874098689,0.002172260678511728
2026-06-01,0.0018315668146576263,0.002860772780422351,0.00554199520232625,0.0026252961308912415
2026-06-02,0.00486066840319358,-0.0068951460780754086,0.006376193209950572,0.0012920889411551784
2026-06-03,-0.003984534257083072,-0.0030261239312525134,-0.0017614926391301235,-0.007372041104846239
2026-06-04,0.006922033158436103,0.0015183855871327614,0.010733716065592674,0.004054961568363158
2026-06-05,-0.005039310872596792,0.010465282342503022,-0.0021542978192341956,-0.026445361894386843
2026-06-08,-0.0007843680472971344,-0.0016481700488768986,0.004029556039337108,0.0029781310549599205
2026-06-09,0.003213527008332662,0.008821147394635118,0.010915533680427289,-0.0025763939780845124
2026-06-10,-0.008366979886648864,0.005579169877624044,-0.008371613264385921,-0.016199450298948426
2026-06-11,0.005836149347214936,-0.008256291245674561,0.008495883488049851,0.017518885564244746
2026-06-12,0.0055250291386560015,0.005617272974619137,0.00875073330741692,0.0050255138730570525
2026-06-15,0.0030781318013114456,-0.007978396834481894,-0.0018281590775372932,0.016528391294663436
2026-06-16,0.0052439750763797815,-0.0008890254989096809,8.60891866565003e-05,-0.005684179609759754
2026-06-17,-0.010170363553101159,-0.01151228183579908,-0.002385052627324871,-0.012148282108228825
2026-06-18,0.0011522619740372499,-0.009494480279052381,-0.0032638002015714326,0.010846212235623431
2026-06-22,-0.0010211271123770629,-0.003502463744639,0.010268767238568175,-0.003705051979052687
2026-06-23,0.0005867871057339557,0.015580296482655905,0.001236881794975016,-0.014362785193208105
2026-06-24,0.0032239105433103706,-0.0017409697105069647,0.0028537596763595317,-0.0009829319733113406
2026-06-25,-0.004262887882094923,-0.005309208289701441,0.011007549844421309,-9.92061187945481e-05
2026-06-26,0.007237100065901579,0.02320100550300875,0.004954319257566041,-0.00047165741757115853
2026-06-29,0.0044141012827103145,0.0012290135967042799,0.011813963337516215,0.011750057250389023
2026-06-30,0.005354707674296012,-0.006356249865827549,-0.0008251311383919367,0.007920198981480553
2026-07-01,-0.0016192301809058493,0.005629885323995857,-0.009218431147484418,-0.0021508346187620875
2026-07-02,0.014751851865369425,0.023588051992914364,0.01263625941944252,1.3702513856905796e-06
2026-07-06,-0.0038949422731402454,-0.010210301839282846,-0.004173760665835092,0.00724150765029874
2026-07-07,0.006945196002661948,0.019172331461693736,0.010875966353884025,-0.0044551096782159405
2026-07-08,-0.006633551387773606,-0.012008743660973311,-0.0018502512100586153,-0.002817238676629863
2026-07-09,-0.004493639889247214,-0.009664328247015182,-0.008522697298588398,0.008142795337428232
2026-07-10,0.008468136313151431,0.004515064463976427,0.009750547141412968,0.004208843399813977
2026-07-13,0.00023633118815636917,0.009827249638600278,-0.005680352276471933,-0.007927023147980106
2026-07-14,0.0005764157444039133,-0.0072267625328661855,0.0006068894090186112,0.0037589783811964317
2026-07-15,0.0048525843863332484,-0.0011594953377924214,-0.011299506044183621,0.003819144358387927
2026-07-16,0.0050403642044994255,0.01353745750595235,0.0018320181300112864,-0.005101405539945647
2026-07-17,-0.00952184817833225,-0.011960155782727955,-0.010448269253018096,-0.010098540030789804
2026-07-20,-0.0046365084000383975,0.0006999733743714007,-0.005150517638348085,-0.0019322546744660052
2026-07-21,0.007714787759737352,0.0038092262370252182,0.011610452476590443,0.008856366018608064
2026-07-22,0.005402729646416304,0.006253097078992774,0.011412349920622301,-0.0013636917526039793
2026-07-23,-0.005756125718164885,-0.0044593876620120905,0.00033597945673092394,-0.012089697334330851
2026-07-24,0.00949027377637627,0.008164124159427891,0.006907002414400573,0.0004967638835191579
2026-07-27,0.0007804856874197853,0.007476758380901804,-0.0006722048569586438,0.0001619264104413265
2026-07-28,0.0057185306097142785,0.012712553447868993,0.009604520211023834,0.002104307328987254
2026-07-29,-0.016039205157321646,-0.005435888118756248,-0.01617945099173773,-0.015161289750108109
2026-07-30,0.01480640105294644,0.016209950186334494,-0.0016852390834196703,0.016604359135647728
2026-07-31,-0.0022717343412013147,0.0033961469050780434,0.00280681302557279,0.00700361981598796
2026-08-03,0.009126010214919824,0.006743615740916619,0.00261375211621512,0.01479091100582064
2026-08-04,0.016238599206946893,0.007496604457457617,0.01248585115263173,0.01789619360979544
2026-08-05,0.0031626827523413945,-0.00015916680312298036,0.0076772541648478165,-0.0016764921193257454
2026-08-06,0.0014468149997829852,0.0050445610909635175,-0.0028990501230419744,-0.0017595333873230423
2026-08-07,0.0020984667273682978,0.0005736646484022733,0.003720592073238383,0.006184231308959065
2026-08-10,0.001186264406329318,0.007943307382647303,-9.721157251977403e-06,-0.0005839757139619595
2026-08-11,-0.001233271192902563,-0.0036578708109364427,-0.0018590715480682053,-0.003212861472107087
2026-08-12,-0.0010366305239157935,-0.0014725555729464303,0.00924714366365779,0.0026267182752088836
2026-08-13,0.0019498725186295478,0.0033849911920501626,0.003352256499331811,0.0065161301380911585
2026-08-14,-3.416573408154781e-06,0.0004080313441364531,-0.00032197476785459847,-0.0016964335577297485
2026-08-17,-0.0006382775678138495,-0.00400069614593196,0.004234203018235283,-0.005227454770816764
2026-08-18,0.0034873491929600224,0.01300562141527142,0.007091786177549336,-0.006881843725615733
2026-08-19,0.0019288165396725949,0.005074066681116259,-0.0002969182980710147,0.002108778138942835
2026-08-20,-0.009260045703654208,-0.006343694597086987,-0.007564706269990911,-0.008668915122777232
2026-08-21,0.003009835297041486,0.005428753515955917,0.005415984684358061,0.004346193543703691
2026-08-24,0.0008258225390816442,0.005494628549823287,-0.0004867621172310649,-0.0028028689752760405
2026-08-25,0.00045634186453504823,-0.0012349228193422475,0.0027657483624988766,0.003190953749482306
2026-08-26,-0.0037886264524491734,-0.007597493624561067,-0.009231659138239317,-0.00020574863596922732
2026-08-27,0.002658250359763314,-0.003353751491159415,0.003074573581969623,0.0072032567265023495
2026-08-28,0.0002676829121293644,0.004520833159981925,-0.00430782641028246,-0.0024874522107780628
2026-08-31,-0.0004150279577656678,-0.0013060040278706833,-0.0029064563972795152,-0.0033221508040809367
2026-09-01,-0.0009498415799201747,0.0018030899345706265,-0.001182855814033916,-0.007112792754561781
2026-09-02,0.006452567806554922,0.005377107334836874,0.012314934582647872,0.004603291610071336
2026-09-03,0.00885316174293187,0.007820216946334271,0.010222153869259218,0.01057963924661287
2026-09-04,-0.005998575509661442,-0.009203760727335945,-0.0036006329006727732,-0.0037572216084515997
2026-09-08,-0.008734851655582864,-0.00670504056331192,-0.0078092266085468065,-0.005840447432778451
2026-09-09,-0.0030420910226368835,-0.0018795012527001453,-0.001927843881373407,-0.003999460655362275
